Copyright 1986-2022 Xilinx, Inc. All Rights Reserved. Copyright 2022-2025 Advanced Micro Devices, Inc. All Rights Reserved.
---------------------------------------------------------------------------------------------------------------------------------------------------------------------------------------------------------------------
| Tool Version : Vivado v.2025.1 (win64) Build 6140274 Thu May 22 00:12:29 MDT 2025
| Date         : Sat Apr 18 22:54:01 2026
| Host         : LAPTOP-82GA5LCI running 64-bit major release  (build 9200)
| Command      : report_timing_summary -max_paths 10 -routable_nets -report_unconstrained -file top_timing_summary_routed.rpt -pb top_timing_summary_routed.pb -rpx top_timing_summary_routed.rpx -warn_on_violation
| Design       : top
| Device       : 7a100t-csg324
| Speed File   : -3  PRODUCTION 1.23 2018-06-13
| Design State : Routed
---------------------------------------------------------------------------------------------------------------------------------------------------------------------------------------------------------------------

Timing Summary Report

------------------------------------------------------------------------------------------------
| Timer Settings
| --------------
------------------------------------------------------------------------------------------------

  Enable Multi Corner Analysis               :  Yes
  Enable Pessimism Removal                   :  Yes
  Pessimism Removal Resolution               :  Nearest Common Node
  Enable Input Delay Default Clock           :  No
  Enable Preset / Clear Arcs                 :  No
  Disable Flight Delays                      :  No
  Ignore I/O Paths                           :  No
  Timing Early Launch at Borrowing Latches   :  No
  Borrow Time for Max Delay Exceptions       :  Yes
  Merge Timing Exceptions                    :  Yes
  Inter-SLR Compensation                     :  Conservative

  Corner  Analyze    Analyze    
  Name    Max Paths  Min Paths  
  ------  ---------  ---------  
  Slow    Yes        Yes        
  Fast    Yes        Yes        


------------------------------------------------------------------------------------------------
| Report Methodology
| ------------------
------------------------------------------------------------------------------------------------

Rule       Severity          Description                    Violations  
---------  ----------------  -----------------------------  ----------  
TIMING-17  Critical Warning  Non-clocked sequential cell    97          
TIMING-18  Warning           Missing input or output delay  16          

Note: This report is based on the most recent report_methodology run and may not be up-to-date. Run report_methodology on the current design for the latest report.



check_timing report

Table of Contents
-----------------
1. checking no_clock (97)
2. checking constant_clock (0)
3. checking pulse_width_clock (0)
4. checking unconstrained_internal_endpoints (227)
5. checking no_input_delay (1)
6. checking no_output_delay (30)
7. checking multiple_clock (0)
8. checking generated_clocks (0)
9. checking loops (0)
10. checking partial_input_delay (0)
11. checking partial_output_delay (0)
12. checking latch_loops (0)

1. checking no_clock (97)
-------------------------
 There are 30 register/latch pins with no clock driven by root clock pin: clk_gen/clk_25MHz_reg/Q (HIGH)

 There are 67 register/latch pins with no clock driven by root clock pin: vga_ctrl/vsync_reg/Q (HIGH)


2. checking constant_clock (0)
------------------------------
 There are 0 register/latch pins with constant_clock.


3. checking pulse_width_clock (0)
---------------------------------
 There are 0 register/latch pins which need pulse_width check


4. checking unconstrained_internal_endpoints (227)
--------------------------------------------------
 There are 227 pins that are not constrained for maximum delay. (HIGH)

 There are 0 pins that are not constrained for maximum delay due to constant clock.


5. checking no_input_delay (1)
------------------------------
 There is 1 input port with no input delay specified. (HIGH)

 There are 0 input ports with no input delay but user has a false path constraint.


6. checking no_output_delay (30)
--------------------------------
 There are 30 ports with no output delay specified. (HIGH)

 There are 0 ports with no output delay but user has a false path constraint

 There are 0 ports with no output delay but with a timing clock defined on it or propagating through it


7. checking multiple_clock (0)
------------------------------
 There are 0 register/latch pins with multiple clocks.


8. checking generated_clocks (0)
--------------------------------
 There are 0 generated clocks that are not connected to a clock source.


9. checking loops (0)
---------------------
 There are 0 combinational loops in the design.


10. checking partial_input_delay (0)
------------------------------------
 There are 0 input ports with partial input delay specified.


11. checking partial_output_delay (0)
-------------------------------------
 There are 0 ports with partial output delay specified.


12. checking latch_loops (0)
----------------------------
 There are 0 combinational latch loops in the design through latch input



------------------------------------------------------------------------------------------------
| Design Timing Summary
| ---------------------
------------------------------------------------------------------------------------------------

    WNS(ns)      TNS(ns)  TNS Failing Endpoints  TNS Total Endpoints      WHS(ns)      THS(ns)  THS Failing Endpoints  THS Total Endpoints     WPWS(ns)     TPWS(ns)  TPWS Failing Endpoints  TPWS Total Endpoints  
    -------      -------  ---------------------  -------------------      -------      -------  ---------------------  -------------------     --------     --------  ----------------------  --------------------  
      5.908        0.000                      0                  136        0.235        0.000                      0                  136        4.500        0.000                       0                    72  


All user specified timing constraints are met.


------------------------------------------------------------------------------------------------
| Clock Summary
| -------------
------------------------------------------------------------------------------------------------

Clock        Waveform(ns)       Period(ns)      Frequency(MHz)
-----        ------------       ----------      --------------
sys_clk_pin  {0.000 5.000}      10.000          100.000         


------------------------------------------------------------------------------------------------
| Intra Clock Table
| -----------------
------------------------------------------------------------------------------------------------

Clock             WNS(ns)      TNS(ns)  TNS Failing Endpoints  TNS Total Endpoints      WHS(ns)      THS(ns)  THS Failing Endpoints  THS Total Endpoints     WPWS(ns)     TPWS(ns)  TPWS Failing Endpoints  TPWS Total Endpoints  
-----             -------      -------  ---------------------  -------------------      -------      -------  ---------------------  -------------------     --------     --------  ----------------------  --------------------  
sys_clk_pin         5.908        0.000                      0                  136        0.235        0.000                      0                  136        4.500        0.000                       0                    72  


------------------------------------------------------------------------------------------------
| Inter Clock Table
| -----------------
------------------------------------------------------------------------------------------------

From Clock    To Clock          WNS(ns)      TNS(ns)  TNS Failing Endpoints  TNS Total Endpoints      WHS(ns)      THS(ns)  THS Failing Endpoints  THS Total Endpoints  
----------    --------          -------      -------  ---------------------  -------------------      -------      -------  ---------------------  -------------------  


------------------------------------------------------------------------------------------------
| Other Path Groups Table
| -----------------------
------------------------------------------------------------------------------------------------

Path Group    From Clock    To Clock          WNS(ns)      TNS(ns)  TNS Failing Endpoints  TNS Total Endpoints      WHS(ns)      THS(ns)  THS Failing Endpoints  THS Total Endpoints  
----------    ----------    --------          -------      -------  ---------------------  -------------------      -------      -------  ---------------------  -------------------  


------------------------------------------------------------------------------------------------
| User Ignored Path Table
| -----------------------
------------------------------------------------------------------------------------------------

Path Group    From Clock    To Clock    
----------    ----------    --------    


------------------------------------------------------------------------------------------------
| Unconstrained Path Table
| ------------------------
------------------------------------------------------------------------------------------------

Path Group    From Clock    To Clock    
----------    ----------    --------    
(none)                                    
(none)        sys_clk_pin                 
(none)                      sys_clk_pin   


------------------------------------------------------------------------------------------------
| Timing Details
| --------------
------------------------------------------------------------------------------------------------


---------------------------------------------------------------------------------------------------
From Clock:  sys_clk_pin
  To Clock:  sys_clk_pin

Setup :            0  Failing Endpoints,  Worst Slack        5.908ns,  Total Violation        0.000ns
Hold  :            0  Failing Endpoints,  Worst Slack        0.235ns,  Total Violation        0.000ns
PW    :            0  Failing Endpoints,  Worst Slack        4.500ns,  Total Violation        0.000ns
---------------------------------------------------------------------------------------------------


Max Delay Paths
--------------------------------------------------------------------------------------
Slack (MET) :             5.908ns  (required time - arrival time)
  Source:                 audio_engine/max_count_reg[7]/C
                            (rising edge-triggered cell FDRE clocked by sys_clk_pin  {rise@0.000ns fall@5.000ns period=10.000ns})
  Destination:            audio_engine/tone_counter_reg[0]/R
                            (rising edge-triggered cell FDRE clocked by sys_clk_pin  {rise@0.000ns fall@5.000ns period=10.000ns})
  Path Group:             sys_clk_pin
  Path Type:              Setup (Max at Slow Process Corner)
  Requirement:            10.000ns  (sys_clk_pin rise@10.000ns - sys_clk_pin rise@0.000ns)
  Data Path Delay:        3.574ns  (logic 1.251ns (35.002%)  route 2.323ns (64.998%))
  Logic Levels:           5  (CARRY4=3 LUT4=2)
  Clock Path Skew:        -0.027ns (DCD - SCD + CPR)
    Destination Clock Delay (DCD):    3.972ns = ( 13.972 - 10.000 ) 
    Source Clock Delay      (SCD):    4.227ns
    Clock Pessimism Removal (CPR):    0.228ns
  Clock Uncertainty:      0.035ns  ((TSJ^2 + TIJ^2)^1/2 + DJ) / 2 + PE
    Total System Jitter     (TSJ):    0.071ns
    Total Input Jitter      (TIJ):    0.000ns
    Discrete Jitter          (DJ):    0.000ns
    Phase Error              (PE):    0.000ns

    Location             Delay type                Incr(ns)  Path(ns)    Netlist Resource(s)
  -------------------------------------------------------------------    -------------------
                         (clock sys_clk_pin rise edge)
                                                      0.000     0.000 r  
    E3                                                0.000     0.000 r  clk_100MHz (IN)
                         net (fo=0)                   0.000     0.000    clk_100MHz
    E3                   IBUF (Prop_ibuf_I_O)         1.330     1.330 r  clk_100MHz_IBUF_inst/O
                         net (fo=1, routed)           1.525     2.855    clk_100MHz_IBUF
    BUFGCTRL_X0Y16       BUFG (Prop_bufg_I_O)         0.076     2.931 r  clk_100MHz_IBUF_BUFG_inst/O
                         net (fo=71, routed)          1.296     4.227    audio_engine/CLK
    SLICE_X2Y138         FDRE                                         r  audio_engine/max_count_reg[7]/C
  -------------------------------------------------------------------    -------------------
    SLICE_X2Y138         FDRE (Prop_fdre_C_Q)         0.393     4.620 r  audio_engine/max_count_reg[7]/Q
                         net (fo=7, routed)           0.810     5.430    audio_engine/max_count_reg_n_0_[7]
    SLICE_X0Y136         LUT4 (Prop_lut4_I0_O)        0.097     5.527 r  audio_engine/tone_counter0_carry_i_5/O
                         net (fo=1, routed)           0.000     5.527    audio_engine/tone_counter0_carry_i_5_n_0
    SLICE_X0Y136         CARRY4 (Prop_carry4_S[3]_CO[3])
                                                      0.299     5.826 r  audio_engine/tone_counter0_carry/CO[3]
                         net (fo=1, routed)           0.000     5.826    audio_engine/tone_counter0_carry_n_0
    SLICE_X0Y137         CARRY4 (Prop_carry4_CI_CO[3])
                                                      0.089     5.915 r  audio_engine/tone_counter0_carry__0/CO[3]
                         net (fo=1, routed)           0.000     5.915    audio_engine/tone_counter0_carry__0_n_0
    SLICE_X0Y138         CARRY4 (Prop_carry4_CI_CO[1])
                                                      0.120     6.035 r  audio_engine/tone_counter0_carry__1/CO[1]
                         net (fo=2, routed)           0.610     6.645    audio_engine/tone_counter0
    SLICE_X2Y139         LUT4 (Prop_lut4_I3_O)        0.253     6.898 r  audio_engine/tone_counter[0]_i_1/O
                         net (fo=20, routed)          0.903     7.801    audio_engine/tone_counter[0]_i_1_n_0
    SLICE_X1Y135         FDRE                                         r  audio_engine/tone_counter_reg[0]/R
  -------------------------------------------------------------------    -------------------

                         (clock sys_clk_pin rise edge)
                                                     10.000    10.000 r  
    E3                                                0.000    10.000 r  clk_100MHz (IN)
                         net (fo=0)                   0.000    10.000    clk_100MHz
    E3                   IBUF (Prop_ibuf_I_O)         1.263    11.263 r  clk_100MHz_IBUF_inst/O
                         net (fo=1, routed)           1.443    12.706    clk_100MHz_IBUF
    BUFGCTRL_X0Y16       BUFG (Prop_bufg_I_O)         0.072    12.778 r  clk_100MHz_IBUF_BUFG_inst/O
                         net (fo=71, routed)          1.194    13.972    audio_engine/CLK
    SLICE_X1Y135         FDRE                                         r  audio_engine/tone_counter_reg[0]/C
                         clock pessimism              0.228    14.200    
                         clock uncertainty           -0.035    14.165    
    SLICE_X1Y135         FDRE (Setup_fdre_C_R)       -0.456    13.709    audio_engine/tone_counter_reg[0]
  -------------------------------------------------------------------
                         required time                         13.709    
                         arrival time                          -7.801    
  -------------------------------------------------------------------
                         slack                                  5.908    

Slack (MET) :             5.908ns  (required time - arrival time)
  Source:                 audio_engine/max_count_reg[7]/C
                            (rising edge-triggered cell FDRE clocked by sys_clk_pin  {rise@0.000ns fall@5.000ns period=10.000ns})
  Destination:            audio_engine/tone_counter_reg[1]/R
                            (rising edge-triggered cell FDRE clocked by sys_clk_pin  {rise@0.000ns fall@5.000ns period=10.000ns})
  Path Group:             sys_clk_pin
  Path Type:              Setup (Max at Slow Process Corner)
  Requirement:            10.000ns  (sys_clk_pin rise@10.000ns - sys_clk_pin rise@0.000ns)
  Data Path Delay:        3.574ns  (logic 1.251ns (35.002%)  route 2.323ns (64.998%))
  Logic Levels:           5  (CARRY4=3 LUT4=2)
  Clock Path Skew:        -0.027ns (DCD - SCD + CPR)
    Destination Clock Delay (DCD):    3.972ns = ( 13.972 - 10.000 ) 
    Source Clock Delay      (SCD):    4.227ns
    Clock Pessimism Removal (CPR):    0.228ns
  Clock Uncertainty:      0.035ns  ((TSJ^2 + TIJ^2)^1/2 + DJ) / 2 + PE
    Total System Jitter     (TSJ):    0.071ns
    Total Input Jitter      (TIJ):    0.000ns
    Discrete Jitter          (DJ):    0.000ns
    Phase Error              (PE):    0.000ns

    Location             Delay type                Incr(ns)  Path(ns)    Netlist Resource(s)
  -------------------------------------------------------------------    -------------------
                         (clock sys_clk_pin rise edge)
                                                      0.000     0.000 r  
    E3                                                0.000     0.000 r  clk_100MHz (IN)
                         net (fo=0)                   0.000     0.000    clk_100MHz
    E3                   IBUF (Prop_ibuf_I_O)         1.330     1.330 r  clk_100MHz_IBUF_inst/O
                         net (fo=1, routed)           1.525     2.855    clk_100MHz_IBUF
    BUFGCTRL_X0Y16       BUFG (Prop_bufg_I_O)         0.076     2.931 r  clk_100MHz_IBUF_BUFG_inst/O
                         net (fo=71, routed)          1.296     4.227    audio_engine/CLK
    SLICE_X2Y138         FDRE                                         r  audio_engine/max_count_reg[7]/C
  -------------------------------------------------------------------    -------------------
    SLICE_X2Y138         FDRE (Prop_fdre_C_Q)         0.393     4.620 r  audio_engine/max_count_reg[7]/Q
                         net (fo=7, routed)           0.810     5.430    audio_engine/max_count_reg_n_0_[7]
    SLICE_X0Y136         LUT4 (Prop_lut4_I0_O)        0.097     5.527 r  audio_engine/tone_counter0_carry_i_5/O
                         net (fo=1, routed)           0.000     5.527    audio_engine/tone_counter0_carry_i_5_n_0
    SLICE_X0Y136         CARRY4 (Prop_carry4_S[3]_CO[3])
                                                      0.299     5.826 r  audio_engine/tone_counter0_carry/CO[3]
                         net (fo=1, routed)           0.000     5.826    audio_engine/tone_counter0_carry_n_0
    SLICE_X0Y137         CARRY4 (Prop_carry4_CI_CO[3])
                                                      0.089     5.915 r  audio_engine/tone_counter0_carry__0/CO[3]
                         net (fo=1, routed)           0.000     5.915    audio_engine/tone_counter0_carry__0_n_0
    SLICE_X0Y138         CARRY4 (Prop_carry4_CI_CO[1])
                                                      0.120     6.035 r  audio_engine/tone_counter0_carry__1/CO[1]
                         net (fo=2, routed)           0.610     6.645    audio_engine/tone_counter0
    SLICE_X2Y139         LUT4 (Prop_lut4_I3_O)        0.253     6.898 r  audio_engine/tone_counter[0]_i_1/O
                         net (fo=20, routed)          0.903     7.801    audio_engine/tone_counter[0]_i_1_n_0
    SLICE_X1Y135         FDRE                                         r  audio_engine/tone_counter_reg[1]/R
  -------------------------------------------------------------------    -------------------

                         (clock sys_clk_pin rise edge)
                                                     10.000    10.000 r  
    E3                                                0.000    10.000 r  clk_100MHz (IN)
                         net (fo=0)                   0.000    10.000    clk_100MHz
    E3                   IBUF (Prop_ibuf_I_O)         1.263    11.263 r  clk_100MHz_IBUF_inst/O
                         net (fo=1, routed)           1.443    12.706    clk_100MHz_IBUF
    BUFGCTRL_X0Y16       BUFG (Prop_bufg_I_O)         0.072    12.778 r  clk_100MHz_IBUF_BUFG_inst/O
                         net (fo=71, routed)          1.194    13.972    audio_engine/CLK
    SLICE_X1Y135         FDRE                                         r  audio_engine/tone_counter_reg[1]/C
                         clock pessimism              0.228    14.200    
                         clock uncertainty           -0.035    14.165    
    SLICE_X1Y135         FDRE (Setup_fdre_C_R)       -0.456    13.709    audio_engine/tone_counter_reg[1]
  -------------------------------------------------------------------
                         required time                         13.709    
                         arrival time                          -7.801    
  -------------------------------------------------------------------
                         slack                                  5.908    

Slack (MET) :             5.908ns  (required time - arrival time)
  Source:                 audio_engine/max_count_reg[7]/C
                            (rising edge-triggered cell FDRE clocked by sys_clk_pin  {rise@0.000ns fall@5.000ns period=10.000ns})
  Destination:            audio_engine/tone_counter_reg[2]/R
                            (rising edge-triggered cell FDRE clocked by sys_clk_pin  {rise@0.000ns fall@5.000ns period=10.000ns})
  Path Group:             sys_clk_pin
  Path Type:              Setup (Max at Slow Process Corner)
  Requirement:            10.000ns  (sys_clk_pin rise@10.000ns - sys_clk_pin rise@0.000ns)
  Data Path Delay:        3.574ns  (logic 1.251ns (35.002%)  route 2.323ns (64.998%))
  Logic Levels:           5  (CARRY4=3 LUT4=2)
  Clock Path Skew:        -0.027ns (DCD - SCD + CPR)
    Destination Clock Delay (DCD):    3.972ns = ( 13.972 - 10.000 ) 
    Source Clock Delay      (SCD):    4.227ns
    Clock Pessimism Removal (CPR):    0.228ns
  Clock Uncertainty:      0.035ns  ((TSJ^2 + TIJ^2)^1/2 + DJ) / 2 + PE
    Total System Jitter     (TSJ):    0.071ns
    Total Input Jitter      (TIJ):    0.000ns
    Discrete Jitter          (DJ):    0.000ns
    Phase Error              (PE):    0.000ns

    Location             Delay type                Incr(ns)  Path(ns)    Netlist Resource(s)
  -------------------------------------------------------------------    -------------------
                         (clock sys_clk_pin rise edge)
                                                      0.000     0.000 r  
    E3                                                0.000     0.000 r  clk_100MHz (IN)
                         net (fo=0)                   0.000     0.000    clk_100MHz
    E3                   IBUF (Prop_ibuf_I_O)         1.330     1.330 r  clk_100MHz_IBUF_inst/O
                         net (fo=1, routed)           1.525     2.855    clk_100MHz_IBUF
    BUFGCTRL_X0Y16       BUFG (Prop_bufg_I_O)         0.076     2.931 r  clk_100MHz_IBUF_BUFG_inst/O
                         net (fo=71, routed)          1.296     4.227    audio_engine/CLK
    SLICE_X2Y138         FDRE                                         r  audio_engine/max_count_reg[7]/C
  -------------------------------------------------------------------    -------------------
    SLICE_X2Y138         FDRE (Prop_fdre_C_Q)         0.393     4.620 r  audio_engine/max_count_reg[7]/Q
                         net (fo=7, routed)           0.810     5.430    audio_engine/max_count_reg_n_0_[7]
    SLICE_X0Y136         LUT4 (Prop_lut4_I0_O)        0.097     5.527 r  audio_engine/tone_counter0_carry_i_5/O
                         net (fo=1, routed)           0.000     5.527    audio_engine/tone_counter0_carry_i_5_n_0
    SLICE_X0Y136         CARRY4 (Prop_carry4_S[3]_CO[3])
                                                      0.299     5.826 r  audio_engine/tone_counter0_carry/CO[3]
                         net (fo=1, routed)           0.000     5.826    audio_engine/tone_counter0_carry_n_0
    SLICE_X0Y137         CARRY4 (Prop_carry4_CI_CO[3])
                                                      0.089     5.915 r  audio_engine/tone_counter0_carry__0/CO[3]
                         net (fo=1, routed)           0.000     5.915    audio_engine/tone_counter0_carry__0_n_0
    SLICE_X0Y138         CARRY4 (Prop_carry4_CI_CO[1])
                                                      0.120     6.035 r  audio_engine/tone_counter0_carry__1/CO[1]
                         net (fo=2, routed)           0.610     6.645    audio_engine/tone_counter0
    SLICE_X2Y139         LUT4 (Prop_lut4_I3_O)        0.253     6.898 r  audio_engine/tone_counter[0]_i_1/O
                         net (fo=20, routed)          0.903     7.801    audio_engine/tone_counter[0]_i_1_n_0
    SLICE_X1Y135         FDRE                                         r  audio_engine/tone_counter_reg[2]/R
  -------------------------------------------------------------------    -------------------

                         (clock sys_clk_pin rise edge)
                                                     10.000    10.000 r  
    E3                                                0.000    10.000 r  clk_100MHz (IN)
                         net (fo=0)                   0.000    10.000    clk_100MHz
    E3                   IBUF (Prop_ibuf_I_O)         1.263    11.263 r  clk_100MHz_IBUF_inst/O
                         net (fo=1, routed)           1.443    12.706    clk_100MHz_IBUF
    BUFGCTRL_X0Y16       BUFG (Prop_bufg_I_O)         0.072    12.778 r  clk_100MHz_IBUF_BUFG_inst/O
                         net (fo=71, routed)          1.194    13.972    audio_engine/CLK
    SLICE_X1Y135         FDRE                                         r  audio_engine/tone_counter_reg[2]/C
                         clock pessimism              0.228    14.200    
                         clock uncertainty           -0.035    14.165    
    SLICE_X1Y135         FDRE (Setup_fdre_C_R)       -0.456    13.709    audio_engine/tone_counter_reg[2]
  -------------------------------------------------------------------
                         required time                         13.709    
                         arrival time                          -7.801    
  -------------------------------------------------------------------
                         slack                                  5.908    

Slack (MET) :             5.908ns  (required time - arrival time)
  Source:                 audio_engine/max_count_reg[7]/C
                            (rising edge-triggered cell FDRE clocked by sys_clk_pin  {rise@0.000ns fall@5.000ns period=10.000ns})
  Destination:            audio_engine/tone_counter_reg[3]/R
                            (rising edge-triggered cell FDRE clocked by sys_clk_pin  {rise@0.000ns fall@5.000ns period=10.000ns})
  Path Group:             sys_clk_pin
  Path Type:              Setup (Max at Slow Process Corner)
  Requirement:            10.000ns  (sys_clk_pin rise@10.000ns - sys_clk_pin rise@0.000ns)
  Data Path Delay:        3.574ns  (logic 1.251ns (35.002%)  route 2.323ns (64.998%))
  Logic Levels:           5  (CARRY4=3 LUT4=2)
  Clock Path Skew:        -0.027ns (DCD - SCD + CPR)
    Destination Clock Delay (DCD):    3.972ns = ( 13.972 - 10.000 ) 
    Source Clock Delay      (SCD):    4.227ns
    Clock Pessimism Removal (CPR):    0.228ns
  Clock Uncertainty:      0.035ns  ((TSJ^2 + TIJ^2)^1/2 + DJ) / 2 + PE
    Total System Jitter     (TSJ):    0.071ns
    Total Input Jitter      (TIJ):    0.000ns
    Discrete Jitter          (DJ):    0.000ns
    Phase Error              (PE):    0.000ns

    Location             Delay type                Incr(ns)  Path(ns)    Netlist Resource(s)
  -------------------------------------------------------------------    -------------------
                         (clock sys_clk_pin rise edge)
                                                      0.000     0.000 r  
    E3                                                0.000     0.000 r  clk_100MHz (IN)
                         net (fo=0)                   0.000     0.000    clk_100MHz
    E3                   IBUF (Prop_ibuf_I_O)         1.330     1.330 r  clk_100MHz_IBUF_inst/O
                         net (fo=1, routed)           1.525     2.855    clk_100MHz_IBUF
    BUFGCTRL_X0Y16       BUFG (Prop_bufg_I_O)         0.076     2.931 r  clk_100MHz_IBUF_BUFG_inst/O
                         net (fo=71, routed)          1.296     4.227    audio_engine/CLK
    SLICE_X2Y138         FDRE                                         r  audio_engine/max_count_reg[7]/C
  -------------------------------------------------------------------    -------------------
    SLICE_X2Y138         FDRE (Prop_fdre_C_Q)         0.393     4.620 r  audio_engine/max_count_reg[7]/Q
                         net (fo=7, routed)           0.810     5.430    audio_engine/max_count_reg_n_0_[7]
    SLICE_X0Y136         LUT4 (Prop_lut4_I0_O)        0.097     5.527 r  audio_engine/tone_counter0_carry_i_5/O
                         net (fo=1, routed)           0.000     5.527    audio_engine/tone_counter0_carry_i_5_n_0
    SLICE_X0Y136         CARRY4 (Prop_carry4_S[3]_CO[3])
                                                      0.299     5.826 r  audio_engine/tone_counter0_carry/CO[3]
                         net (fo=1, routed)           0.000     5.826    audio_engine/tone_counter0_carry_n_0
    SLICE_X0Y137         CARRY4 (Prop_carry4_CI_CO[3])
                                                      0.089     5.915 r  audio_engine/tone_counter0_carry__0/CO[3]
                         net (fo=1, routed)           0.000     5.915    audio_engine/tone_counter0_carry__0_n_0
    SLICE_X0Y138         CARRY4 (Prop_carry4_CI_CO[1])
                                                      0.120     6.035 r  audio_engine/tone_counter0_carry__1/CO[1]
                         net (fo=2, routed)           0.610     6.645    audio_engine/tone_counter0
    SLICE_X2Y139         LUT4 (Prop_lut4_I3_O)        0.253     6.898 r  audio_engine/tone_counter[0]_i_1/O
                         net (fo=20, routed)          0.903     7.801    audio_engine/tone_counter[0]_i_1_n_0
    SLICE_X1Y135         FDRE                                         r  audio_engine/tone_counter_reg[3]/R
  -------------------------------------------------------------------    -------------------

                         (clock sys_clk_pin rise edge)
                                                     10.000    10.000 r  
    E3                                                0.000    10.000 r  clk_100MHz (IN)
                         net (fo=0)                   0.000    10.000    clk_100MHz
    E3                   IBUF (Prop_ibuf_I_O)         1.263    11.263 r  clk_100MHz_IBUF_inst/O
                         net (fo=1, routed)           1.443    12.706    clk_100MHz_IBUF
    BUFGCTRL_X0Y16       BUFG (Prop_bufg_I_O)         0.072    12.778 r  clk_100MHz_IBUF_BUFG_inst/O
                         net (fo=71, routed)          1.194    13.972    audio_engine/CLK
    SLICE_X1Y135         FDRE                                         r  audio_engine/tone_counter_reg[3]/C
                         clock pessimism              0.228    14.200    
                         clock uncertainty           -0.035    14.165    
    SLICE_X1Y135         FDRE (Setup_fdre_C_R)       -0.456    13.709    audio_engine/tone_counter_reg[3]
  -------------------------------------------------------------------
                         required time                         13.709    
                         arrival time                          -7.801    
  -------------------------------------------------------------------
                         slack                                  5.908    

Slack (MET) :             6.005ns  (required time - arrival time)
  Source:                 audio_engine/max_count_reg[7]/C
                            (rising edge-triggered cell FDRE clocked by sys_clk_pin  {rise@0.000ns fall@5.000ns period=10.000ns})
  Destination:            audio_engine/tone_counter_reg[4]/R
                            (rising edge-triggered cell FDRE clocked by sys_clk_pin  {rise@0.000ns fall@5.000ns period=10.000ns})
  Path Group:             sys_clk_pin
  Path Type:              Setup (Max at Slow Process Corner)
  Requirement:            10.000ns  (sys_clk_pin rise@10.000ns - sys_clk_pin rise@0.000ns)
  Data Path Delay:        3.478ns  (logic 1.251ns (35.969%)  route 2.227ns (64.031%))
  Logic Levels:           5  (CARRY4=3 LUT4=2)
  Clock Path Skew:        -0.026ns (DCD - SCD + CPR)
    Destination Clock Delay (DCD):    3.973ns = ( 13.973 - 10.000 ) 
    Source Clock Delay      (SCD):    4.227ns
    Clock Pessimism Removal (CPR):    0.228ns
  Clock Uncertainty:      0.035ns  ((TSJ^2 + TIJ^2)^1/2 + DJ) / 2 + PE
    Total System Jitter     (TSJ):    0.071ns
    Total Input Jitter      (TIJ):    0.000ns
    Discrete Jitter          (DJ):    0.000ns
    Phase Error              (PE):    0.000ns

    Location             Delay type                Incr(ns)  Path(ns)    Netlist Resource(s)
  -------------------------------------------------------------------    -------------------
                         (clock sys_clk_pin rise edge)
                                                      0.000     0.000 r  
    E3                                                0.000     0.000 r  clk_100MHz (IN)
                         net (fo=0)                   0.000     0.000    clk_100MHz
    E3                   IBUF (Prop_ibuf_I_O)         1.330     1.330 r  clk_100MHz_IBUF_inst/O
                         net (fo=1, routed)           1.525     2.855    clk_100MHz_IBUF
    BUFGCTRL_X0Y16       BUFG (Prop_bufg_I_O)         0.076     2.931 r  clk_100MHz_IBUF_BUFG_inst/O
                         net (fo=71, routed)          1.296     4.227    audio_engine/CLK
    SLICE_X2Y138         FDRE                                         r  audio_engine/max_count_reg[7]/C
  -------------------------------------------------------------------    -------------------
    SLICE_X2Y138         FDRE (Prop_fdre_C_Q)         0.393     4.620 r  audio_engine/max_count_reg[7]/Q
                         net (fo=7, routed)           0.810     5.430    audio_engine/max_count_reg_n_0_[7]
    SLICE_X0Y136         LUT4 (Prop_lut4_I0_O)        0.097     5.527 r  audio_engine/tone_counter0_carry_i_5/O
                         net (fo=1, routed)           0.000     5.527    audio_engine/tone_counter0_carry_i_5_n_0
    SLICE_X0Y136         CARRY4 (Prop_carry4_S[3]_CO[3])
                                                      0.299     5.826 r  audio_engine/tone_counter0_carry/CO[3]
                         net (fo=1, routed)           0.000     5.826    audio_engine/tone_counter0_carry_n_0
    SLICE_X0Y137         CARRY4 (Prop_carry4_CI_CO[3])
                                                      0.089     5.915 r  audio_engine/tone_counter0_carry__0/CO[3]
                         net (fo=1, routed)           0.000     5.915    audio_engine/tone_counter0_carry__0_n_0
    SLICE_X0Y138         CARRY4 (Prop_carry4_CI_CO[1])
                                                      0.120     6.035 r  audio_engine/tone_counter0_carry__1/CO[1]
                         net (fo=2, routed)           0.610     6.645    audio_engine/tone_counter0
    SLICE_X2Y139         LUT4 (Prop_lut4_I3_O)        0.253     6.898 r  audio_engine/tone_counter[0]_i_1/O
                         net (fo=20, routed)          0.807     7.705    audio_engine/tone_counter[0]_i_1_n_0
    SLICE_X1Y136         FDRE                                         r  audio_engine/tone_counter_reg[4]/R
  -------------------------------------------------------------------    -------------------

                         (clock sys_clk_pin rise edge)
                                                     10.000    10.000 r  
    E3                                                0.000    10.000 r  clk_100MHz (IN)
                         net (fo=0)                   0.000    10.000    clk_100MHz
    E3                   IBUF (Prop_ibuf_I_O)         1.263    11.263 r  clk_100MHz_IBUF_inst/O
                         net (fo=1, routed)           1.443    12.706    clk_100MHz_IBUF
    BUFGCTRL_X0Y16       BUFG (Prop_bufg_I_O)         0.072    12.778 r  clk_100MHz_IBUF_BUFG_inst/O
                         net (fo=71, routed)          1.195    13.973    audio_engine/CLK
    SLICE_X1Y136         FDRE                                         r  audio_engine/tone_counter_reg[4]/C
                         clock pessimism              0.228    14.201    
                         clock uncertainty           -0.035    14.166    
    SLICE_X1Y136         FDRE (Setup_fdre_C_R)       -0.456    13.710    audio_engine/tone_counter_reg[4]
  -------------------------------------------------------------------
                         required time                         13.710    
                         arrival time                          -7.705    
  -------------------------------------------------------------------
                         slack                                  6.005    

Slack (MET) :             6.005ns  (required time - arrival time)
  Source:                 audio_engine/max_count_reg[7]/C
                            (rising edge-triggered cell FDRE clocked by sys_clk_pin  {rise@0.000ns fall@5.000ns period=10.000ns})
  Destination:            audio_engine/tone_counter_reg[5]/R
                            (rising edge-triggered cell FDRE clocked by sys_clk_pin  {rise@0.000ns fall@5.000ns period=10.000ns})
  Path Group:             sys_clk_pin
  Path Type:              Setup (Max at Slow Process Corner)
  Requirement:            10.000ns  (sys_clk_pin rise@10.000ns - sys_clk_pin rise@0.000ns)
  Data Path Delay:        3.478ns  (logic 1.251ns (35.969%)  route 2.227ns (64.031%))
  Logic Levels:           5  (CARRY4=3 LUT4=2)
  Clock Path Skew:        -0.026ns (DCD - SCD + CPR)
    Destination Clock Delay (DCD):    3.973ns = ( 13.973 - 10.000 ) 
    Source Clock Delay      (SCD):    4.227ns
    Clock Pessimism Removal (CPR):    0.228ns
  Clock Uncertainty:      0.035ns  ((TSJ^2 + TIJ^2)^1/2 + DJ) / 2 + PE
    Total System Jitter     (TSJ):    0.071ns
    Total Input Jitter      (TIJ):    0.000ns
    Discrete Jitter          (DJ):    0.000ns
    Phase Error              (PE):    0.000ns

    Location             Delay type                Incr(ns)  Path(ns)    Netlist Resource(s)
  -------------------------------------------------------------------    -------------------
                         (clock sys_clk_pin rise edge)
                                                      0.000     0.000 r  
    E3                                                0.000     0.000 r  clk_100MHz (IN)
                         net (fo=0)                   0.000     0.000    clk_100MHz
    E3                   IBUF (Prop_ibuf_I_O)         1.330     1.330 r  clk_100MHz_IBUF_inst/O
                         net (fo=1, routed)           1.525     2.855    clk_100MHz_IBUF
    BUFGCTRL_X0Y16       BUFG (Prop_bufg_I_O)         0.076     2.931 r  clk_100MHz_IBUF_BUFG_inst/O
                         net (fo=71, routed)          1.296     4.227    audio_engine/CLK
    SLICE_X2Y138         FDRE                                         r  audio_engine/max_count_reg[7]/C
  -------------------------------------------------------------------    -------------------
    SLICE_X2Y138         FDRE (Prop_fdre_C_Q)         0.393     4.620 r  audio_engine/max_count_reg[7]/Q
                         net (fo=7, routed)           0.810     5.430    audio_engine/max_count_reg_n_0_[7]
    SLICE_X0Y136         LUT4 (Prop_lut4_I0_O)        0.097     5.527 r  audio_engine/tone_counter0_carry_i_5/O
                         net (fo=1, routed)           0.000     5.527    audio_engine/tone_counter0_carry_i_5_n_0
    SLICE_X0Y136         CARRY4 (Prop_carry4_S[3]_CO[3])
                                                      0.299     5.826 r  audio_engine/tone_counter0_carry/CO[3]
                         net (fo=1, routed)           0.000     5.826    audio_engine/tone_counter0_carry_n_0
    SLICE_X0Y137         CARRY4 (Prop_carry4_CI_CO[3])
                                                      0.089     5.915 r  audio_engine/tone_counter0_carry__0/CO[3]
                         net (fo=1, routed)           0.000     5.915    audio_engine/tone_counter0_carry__0_n_0
    SLICE_X0Y138         CARRY4 (Prop_carry4_CI_CO[1])
                                                      0.120     6.035 r  audio_engine/tone_counter0_carry__1/CO[1]
                         net (fo=2, routed)           0.610     6.645    audio_engine/tone_counter0
    SLICE_X2Y139         LUT4 (Prop_lut4_I3_O)        0.253     6.898 r  audio_engine/tone_counter[0]_i_1/O
                         net (fo=20, routed)          0.807     7.705    audio_engine/tone_counter[0]_i_1_n_0
    SLICE_X1Y136         FDRE                                         r  audio_engine/tone_counter_reg[5]/R
  -------------------------------------------------------------------    -------------------

                         (clock sys_clk_pin rise edge)
                                                     10.000    10.000 r  
    E3                                                0.000    10.000 r  clk_100MHz (IN)
                         net (fo=0)                   0.000    10.000    clk_100MHz
    E3                   IBUF (Prop_ibuf_I_O)         1.263    11.263 r  clk_100MHz_IBUF_inst/O
                         net (fo=1, routed)           1.443    12.706    clk_100MHz_IBUF
    BUFGCTRL_X0Y16       BUFG (Prop_bufg_I_O)         0.072    12.778 r  clk_100MHz_IBUF_BUFG_inst/O
                         net (fo=71, routed)          1.195    13.973    audio_engine/CLK
    SLICE_X1Y136         FDRE                                         r  audio_engine/tone_counter_reg[5]/C
                         clock pessimism              0.228    14.201    
                         clock uncertainty           -0.035    14.166    
    SLICE_X1Y136         FDRE (Setup_fdre_C_R)       -0.456    13.710    audio_engine/tone_counter_reg[5]
  -------------------------------------------------------------------
                         required time                         13.710    
                         arrival time                          -7.705    
  -------------------------------------------------------------------
                         slack                                  6.005    

Slack (MET) :             6.005ns  (required time - arrival time)
  Source:                 audio_engine/max_count_reg[7]/C
                            (rising edge-triggered cell FDRE clocked by sys_clk_pin  {rise@0.000ns fall@5.000ns period=10.000ns})
  Destination:            audio_engine/tone_counter_reg[6]/R
                            (rising edge-triggered cell FDRE clocked by sys_clk_pin  {rise@0.000ns fall@5.000ns period=10.000ns})
  Path Group:             sys_clk_pin
  Path Type:              Setup (Max at Slow Process Corner)
  Requirement:            10.000ns  (sys_clk_pin rise@10.000ns - sys_clk_pin rise@0.000ns)
  Data Path Delay:        3.478ns  (logic 1.251ns (35.969%)  route 2.227ns (64.031%))
  Logic Levels:           5  (CARRY4=3 LUT4=2)
  Clock Path Skew:        -0.026ns (DCD - SCD + CPR)
    Destination Clock Delay (DCD):    3.973ns = ( 13.973 - 10.000 ) 
    Source Clock Delay      (SCD):    4.227ns
    Clock Pessimism Removal (CPR):    0.228ns
  Clock Uncertainty:      0.035ns  ((TSJ^2 + TIJ^2)^1/2 + DJ) / 2 + PE
    Total System Jitter     (TSJ):    0.071ns
    Total Input Jitter      (TIJ):    0.000ns
    Discrete Jitter          (DJ):    0.000ns
    Phase Error              (PE):    0.000ns

    Location             Delay type                Incr(ns)  Path(ns)    Netlist Resource(s)
  -------------------------------------------------------------------    -------------------
                         (clock sys_clk_pin rise edge)
                                                      0.000     0.000 r  
    E3                                                0.000     0.000 r  clk_100MHz (IN)
                         net (fo=0)                   0.000     0.000    clk_100MHz
    E3                   IBUF (Prop_ibuf_I_O)         1.330     1.330 r  clk_100MHz_IBUF_inst/O
                         net (fo=1, routed)           1.525     2.855    clk_100MHz_IBUF
    BUFGCTRL_X0Y16       BUFG (Prop_bufg_I_O)         0.076     2.931 r  clk_100MHz_IBUF_BUFG_inst/O
                         net (fo=71, routed)          1.296     4.227    audio_engine/CLK
    SLICE_X2Y138         FDRE                                         r  audio_engine/max_count_reg[7]/C
  -------------------------------------------------------------------    -------------------
    SLICE_X2Y138         FDRE (Prop_fdre_C_Q)         0.393     4.620 r  audio_engine/max_count_reg[7]/Q
                         net (fo=7, routed)           0.810     5.430    audio_engine/max_count_reg_n_0_[7]
    SLICE_X0Y136         LUT4 (Prop_lut4_I0_O)        0.097     5.527 r  audio_engine/tone_counter0_carry_i_5/O
                         net (fo=1, routed)           0.000     5.527    audio_engine/tone_counter0_carry_i_5_n_0
    SLICE_X0Y136         CARRY4 (Prop_carry4_S[3]_CO[3])
                                                      0.299     5.826 r  audio_engine/tone_counter0_carry/CO[3]
                         net (fo=1, routed)           0.000     5.826    audio_engine/tone_counter0_carry_n_0
    SLICE_X0Y137         CARRY4 (Prop_carry4_CI_CO[3])
                                                      0.089     5.915 r  audio_engine/tone_counter0_carry__0/CO[3]
                         net (fo=1, routed)           0.000     5.915    audio_engine/tone_counter0_carry__0_n_0
    SLICE_X0Y138         CARRY4 (Prop_carry4_CI_CO[1])
                                                      0.120     6.035 r  audio_engine/tone_counter0_carry__1/CO[1]
                         net (fo=2, routed)           0.610     6.645    audio_engine/tone_counter0
    SLICE_X2Y139         LUT4 (Prop_lut4_I3_O)        0.253     6.898 r  audio_engine/tone_counter[0]_i_1/O
                         net (fo=20, routed)          0.807     7.705    audio_engine/tone_counter[0]_i_1_n_0
    SLICE_X1Y136         FDRE                                         r  audio_engine/tone_counter_reg[6]/R
  -------------------------------------------------------------------    -------------------

                         (clock sys_clk_pin rise edge)
                                                     10.000    10.000 r  
    E3                                                0.000    10.000 r  clk_100MHz (IN)
                         net (fo=0)                   0.000    10.000    clk_100MHz
    E3                   IBUF (Prop_ibuf_I_O)         1.263    11.263 r  clk_100MHz_IBUF_inst/O
                         net (fo=1, routed)           1.443    12.706    clk_100MHz_IBUF
    BUFGCTRL_X0Y16       BUFG (Prop_bufg_I_O)         0.072    12.778 r  clk_100MHz_IBUF_BUFG_inst/O
                         net (fo=71, routed)          1.195    13.973    audio_engine/CLK
    SLICE_X1Y136         FDRE                                         r  audio_engine/tone_counter_reg[6]/C
                         clock pessimism              0.228    14.201    
                         clock uncertainty           -0.035    14.166    
    SLICE_X1Y136         FDRE (Setup_fdre_C_R)       -0.456    13.710    audio_engine/tone_counter_reg[6]
  -------------------------------------------------------------------
                         required time                         13.710    
                         arrival time                          -7.705    
  -------------------------------------------------------------------
                         slack                                  6.005    

Slack (MET) :             6.005ns  (required time - arrival time)
  Source:                 audio_engine/max_count_reg[7]/C
                            (rising edge-triggered cell FDRE clocked by sys_clk_pin  {rise@0.000ns fall@5.000ns period=10.000ns})
  Destination:            audio_engine/tone_counter_reg[7]/R
                            (rising edge-triggered cell FDRE clocked by sys_clk_pin  {rise@0.000ns fall@5.000ns period=10.000ns})
  Path Group:             sys_clk_pin
  Path Type:              Setup (Max at Slow Process Corner)
  Requirement:            10.000ns  (sys_clk_pin rise@10.000ns - sys_clk_pin rise@0.000ns)
  Data Path Delay:        3.478ns  (logic 1.251ns (35.969%)  route 2.227ns (64.031%))
  Logic Levels:           5  (CARRY4=3 LUT4=2)
  Clock Path Skew:        -0.026ns (DCD - SCD + CPR)
    Destination Clock Delay (DCD):    3.973ns = ( 13.973 - 10.000 ) 
    Source Clock Delay      (SCD):    4.227ns
    Clock Pessimism Removal (CPR):    0.228ns
  Clock Uncertainty:      0.035ns  ((TSJ^2 + TIJ^2)^1/2 + DJ) / 2 + PE
    Total System Jitter     (TSJ):    0.071ns
    Total Input Jitter      (TIJ):    0.000ns
    Discrete Jitter          (DJ):    0.000ns
    Phase Error              (PE):    0.000ns

    Location             Delay type                Incr(ns)  Path(ns)    Netlist Resource(s)
  -------------------------------------------------------------------    -------------------
                         (clock sys_clk_pin rise edge)
                                                      0.000     0.000 r  
    E3                                                0.000     0.000 r  clk_100MHz (IN)
                         net (fo=0)                   0.000     0.000    clk_100MHz
    E3                   IBUF (Prop_ibuf_I_O)         1.330     1.330 r  clk_100MHz_IBUF_inst/O
                         net (fo=1, routed)           1.525     2.855    clk_100MHz_IBUF
    BUFGCTRL_X0Y16       BUFG (Prop_bufg_I_O)         0.076     2.931 r  clk_100MHz_IBUF_BUFG_inst/O
                         net (fo=71, routed)          1.296     4.227    audio_engine/CLK
    SLICE_X2Y138         FDRE                                         r  audio_engine/max_count_reg[7]/C
  -------------------------------------------------------------------    -------------------
    SLICE_X2Y138         FDRE (Prop_fdre_C_Q)         0.393     4.620 r  audio_engine/max_count_reg[7]/Q
                         net (fo=7, routed)           0.810     5.430    audio_engine/max_count_reg_n_0_[7]
    SLICE_X0Y136         LUT4 (Prop_lut4_I0_O)        0.097     5.527 r  audio_engine/tone_counter0_carry_i_5/O
                         net (fo=1, routed)           0.000     5.527    audio_engine/tone_counter0_carry_i_5_n_0
    SLICE_X0Y136         CARRY4 (Prop_carry4_S[3]_CO[3])
                                                      0.299     5.826 r  audio_engine/tone_counter0_carry/CO[3]
                         net (fo=1, routed)           0.000     5.826    audio_engine/tone_counter0_carry_n_0
    SLICE_X0Y137         CARRY4 (Prop_carry4_CI_CO[3])
                                                      0.089     5.915 r  audio_engine/tone_counter0_carry__0/CO[3]
                         net (fo=1, routed)           0.000     5.915    audio_engine/tone_counter0_carry__0_n_0
    SLICE_X0Y138         CARRY4 (Prop_carry4_CI_CO[1])
                                                      0.120     6.035 r  audio_engine/tone_counter0_carry__1/CO[1]
                         net (fo=2, routed)           0.610     6.645    audio_engine/tone_counter0
    SLICE_X2Y139         LUT4 (Prop_lut4_I3_O)        0.253     6.898 r  audio_engine/tone_counter[0]_i_1/O
                         net (fo=20, routed)          0.807     7.705    audio_engine/tone_counter[0]_i_1_n_0
    SLICE_X1Y136         FDRE                                         r  audio_engine/tone_counter_reg[7]/R
  -------------------------------------------------------------------    -------------------

                         (clock sys_clk_pin rise edge)
                                                     10.000    10.000 r  
    E3                                                0.000    10.000 r  clk_100MHz (IN)
                         net (fo=0)                   0.000    10.000    clk_100MHz
    E3                   IBUF (Prop_ibuf_I_O)         1.263    11.263 r  clk_100MHz_IBUF_inst/O
                         net (fo=1, routed)           1.443    12.706    clk_100MHz_IBUF
    BUFGCTRL_X0Y16       BUFG (Prop_bufg_I_O)         0.072    12.778 r  clk_100MHz_IBUF_BUFG_inst/O
                         net (fo=71, routed)          1.195    13.973    audio_engine/CLK
    SLICE_X1Y136         FDRE                                         r  audio_engine/tone_counter_reg[7]/C
                         clock pessimism              0.228    14.201    
                         clock uncertainty           -0.035    14.166    
    SLICE_X1Y136         FDRE (Setup_fdre_C_R)       -0.456    13.710    audio_engine/tone_counter_reg[7]
  -------------------------------------------------------------------
                         required time                         13.710    
                         arrival time                          -7.705    
  -------------------------------------------------------------------
                         slack                                  6.005    

Slack (MET) :             6.110ns  (required time - arrival time)
  Source:                 audio_engine/max_count_reg[7]/C
                            (rising edge-triggered cell FDRE clocked by sys_clk_pin  {rise@0.000ns fall@5.000ns period=10.000ns})
  Destination:            audio_engine/tone_counter_reg[10]/R
                            (rising edge-triggered cell FDRE clocked by sys_clk_pin  {rise@0.000ns fall@5.000ns period=10.000ns})
  Path Group:             sys_clk_pin
  Path Type:              Setup (Max at Slow Process Corner)
  Requirement:            10.000ns  (sys_clk_pin rise@10.000ns - sys_clk_pin rise@0.000ns)
  Data Path Delay:        3.374ns  (logic 1.251ns (37.081%)  route 2.123ns (62.919%))
  Logic Levels:           5  (CARRY4=3 LUT4=2)
  Clock Path Skew:        -0.025ns (DCD - SCD + CPR)
    Destination Clock Delay (DCD):    3.974ns = ( 13.974 - 10.000 ) 
    Source Clock Delay      (SCD):    4.227ns
    Clock Pessimism Removal (CPR):    0.228ns
  Clock Uncertainty:      0.035ns  ((TSJ^2 + TIJ^2)^1/2 + DJ) / 2 + PE
    Total System Jitter     (TSJ):    0.071ns
    Total Input Jitter      (TIJ):    0.000ns
    Discrete Jitter          (DJ):    0.000ns
    Phase Error              (PE):    0.000ns

    Location             Delay type                Incr(ns)  Path(ns)    Netlist Resource(s)
  -------------------------------------------------------------------    -------------------
                         (clock sys_clk_pin rise edge)
                                                      0.000     0.000 r  
    E3                                                0.000     0.000 r  clk_100MHz (IN)
                         net (fo=0)                   0.000     0.000    clk_100MHz
    E3                   IBUF (Prop_ibuf_I_O)         1.330     1.330 r  clk_100MHz_IBUF_inst/O
                         net (fo=1, routed)           1.525     2.855    clk_100MHz_IBUF
    BUFGCTRL_X0Y16       BUFG (Prop_bufg_I_O)         0.076     2.931 r  clk_100MHz_IBUF_BUFG_inst/O
                         net (fo=71, routed)          1.296     4.227    audio_engine/CLK
    SLICE_X2Y138         FDRE                                         r  audio_engine/max_count_reg[7]/C
  -------------------------------------------------------------------    -------------------
    SLICE_X2Y138         FDRE (Prop_fdre_C_Q)         0.393     4.620 r  audio_engine/max_count_reg[7]/Q
                         net (fo=7, routed)           0.810     5.430    audio_engine/max_count_reg_n_0_[7]
    SLICE_X0Y136         LUT4 (Prop_lut4_I0_O)        0.097     5.527 r  audio_engine/tone_counter0_carry_i_5/O
                         net (fo=1, routed)           0.000     5.527    audio_engine/tone_counter0_carry_i_5_n_0
    SLICE_X0Y136         CARRY4 (Prop_carry4_S[3]_CO[3])
                                                      0.299     5.826 r  audio_engine/tone_counter0_carry/CO[3]
                         net (fo=1, routed)           0.000     5.826    audio_engine/tone_counter0_carry_n_0
    SLICE_X0Y137         CARRY4 (Prop_carry4_CI_CO[3])
                                                      0.089     5.915 r  audio_engine/tone_counter0_carry__0/CO[3]
                         net (fo=1, routed)           0.000     5.915    audio_engine/tone_counter0_carry__0_n_0
    SLICE_X0Y138         CARRY4 (Prop_carry4_CI_CO[1])
                                                      0.120     6.035 r  audio_engine/tone_counter0_carry__1/CO[1]
                         net (fo=2, routed)           0.610     6.645    audio_engine/tone_counter0
    SLICE_X2Y139         LUT4 (Prop_lut4_I3_O)        0.253     6.898 r  audio_engine/tone_counter[0]_i_1/O
                         net (fo=20, routed)          0.703     7.601    audio_engine/tone_counter[0]_i_1_n_0
    SLICE_X1Y137         FDRE                                         r  audio_engine/tone_counter_reg[10]/R
  -------------------------------------------------------------------    -------------------

                         (clock sys_clk_pin rise edge)
                                                     10.000    10.000 r  
    E3                                                0.000    10.000 r  clk_100MHz (IN)
                         net (fo=0)                   0.000    10.000    clk_100MHz
    E3                   IBUF (Prop_ibuf_I_O)         1.263    11.263 r  clk_100MHz_IBUF_inst/O
                         net (fo=1, routed)           1.443    12.706    clk_100MHz_IBUF
    BUFGCTRL_X0Y16       BUFG (Prop_bufg_I_O)         0.072    12.778 r  clk_100MHz_IBUF_BUFG_inst/O
                         net (fo=71, routed)          1.196    13.974    audio_engine/CLK
    SLICE_X1Y137         FDRE                                         r  audio_engine/tone_counter_reg[10]/C
                         clock pessimism              0.228    14.202    
                         clock uncertainty           -0.035    14.167    
    SLICE_X1Y137         FDRE (Setup_fdre_C_R)       -0.456    13.711    audio_engine/tone_counter_reg[10]
  -------------------------------------------------------------------
                         required time                         13.711    
                         arrival time                          -7.601    
  -------------------------------------------------------------------
                         slack                                  6.110    

Slack (MET) :             6.110ns  (required time - arrival time)
  Source:                 audio_engine/max_count_reg[7]/C
                            (rising edge-triggered cell FDRE clocked by sys_clk_pin  {rise@0.000ns fall@5.000ns period=10.000ns})
  Destination:            audio_engine/tone_counter_reg[11]/R
                            (rising edge-triggered cell FDRE clocked by sys_clk_pin  {rise@0.000ns fall@5.000ns period=10.000ns})
  Path Group:             sys_clk_pin
  Path Type:              Setup (Max at Slow Process Corner)
  Requirement:            10.000ns  (sys_clk_pin rise@10.000ns - sys_clk_pin rise@0.000ns)
  Data Path Delay:        3.374ns  (logic 1.251ns (37.081%)  route 2.123ns (62.919%))
  Logic Levels:           5  (CARRY4=3 LUT4=2)
  Clock Path Skew:        -0.025ns (DCD - SCD + CPR)
    Destination Clock Delay (DCD):    3.974ns = ( 13.974 - 10.000 ) 
    Source Clock Delay      (SCD):    4.227ns
    Clock Pessimism Removal (CPR):    0.228ns
  Clock Uncertainty:      0.035ns  ((TSJ^2 + TIJ^2)^1/2 + DJ) / 2 + PE
    Total System Jitter     (TSJ):    0.071ns
    Total Input Jitter      (TIJ):    0.000ns
    Discrete Jitter          (DJ):    0.000ns
    Phase Error              (PE):    0.000ns

    Location             Delay type                Incr(ns)  Path(ns)    Netlist Resource(s)
  -------------------------------------------------------------------    -------------------
                         (clock sys_clk_pin rise edge)
                                                      0.000     0.000 r  
    E3                                                0.000     0.000 r  clk_100MHz (IN)
                         net (fo=0)                   0.000     0.000    clk_100MHz
    E3                   IBUF (Prop_ibuf_I_O)         1.330     1.330 r  clk_100MHz_IBUF_inst/O
                         net (fo=1, routed)           1.525     2.855    clk_100MHz_IBUF
    BUFGCTRL_X0Y16       BUFG (Prop_bufg_I_O)         0.076     2.931 r  clk_100MHz_IBUF_BUFG_inst/O
                         net (fo=71, routed)          1.296     4.227    audio_engine/CLK
    SLICE_X2Y138         FDRE                                         r  audio_engine/max_count_reg[7]/C
  -------------------------------------------------------------------    -------------------
    SLICE_X2Y138         FDRE (Prop_fdre_C_Q)         0.393     4.620 r  audio_engine/max_count_reg[7]/Q
                         net (fo=7, routed)           0.810     5.430    audio_engine/max_count_reg_n_0_[7]
    SLICE_X0Y136         LUT4 (Prop_lut4_I0_O)        0.097     5.527 r  audio_engine/tone_counter0_carry_i_5/O
                         net (fo=1, routed)           0.000     5.527    audio_engine/tone_counter0_carry_i_5_n_0
    SLICE_X0Y136         CARRY4 (Prop_carry4_S[3]_CO[3])
                                                      0.299     5.826 r  audio_engine/tone_counter0_carry/CO[3]
                         net (fo=1, routed)           0.000     5.826    audio_engine/tone_counter0_carry_n_0
    SLICE_X0Y137         CARRY4 (Prop_carry4_CI_CO[3])
                                                      0.089     5.915 r  audio_engine/tone_counter0_carry__0/CO[3]
                         net (fo=1, routed)           0.000     5.915    audio_engine/tone_counter0_carry__0_n_0
    SLICE_X0Y138         CARRY4 (Prop_carry4_CI_CO[1])
                                                      0.120     6.035 r  audio_engine/tone_counter0_carry__1/CO[1]
                         net (fo=2, routed)           0.610     6.645    audio_engine/tone_counter0
    SLICE_X2Y139         LUT4 (Prop_lut4_I3_O)        0.253     6.898 r  audio_engine/tone_counter[0]_i_1/O
                         net (fo=20, routed)          0.703     7.601    audio_engine/tone_counter[0]_i_1_n_0
    SLICE_X1Y137         FDRE                                         r  audio_engine/tone_counter_reg[11]/R
  -------------------------------------------------------------------    -------------------

                         (clock sys_clk_pin rise edge)
                                                     10.000    10.000 r  
    E3                                                0.000    10.000 r  clk_100MHz (IN)
                         net (fo=0)                   0.000    10.000    clk_100MHz
    E3                   IBUF (Prop_ibuf_I_O)         1.263    11.263 r  clk_100MHz_IBUF_inst/O
                         net (fo=1, routed)           1.443    12.706    clk_100MHz_IBUF
    BUFGCTRL_X0Y16       BUFG (Prop_bufg_I_O)         0.072    12.778 r  clk_100MHz_IBUF_BUFG_inst/O
                         net (fo=71, routed)          1.196    13.974    audio_engine/CLK
    SLICE_X1Y137         FDRE                                         r  audio_engine/tone_counter_reg[11]/C
                         clock pessimism              0.228    14.202    
                         clock uncertainty           -0.035    14.167    
    SLICE_X1Y137         FDRE (Setup_fdre_C_R)       -0.456    13.711    audio_engine/tone_counter_reg[11]
  -------------------------------------------------------------------
                         required time                         13.711    
                         arrival time                          -7.601    
  -------------------------------------------------------------------
                         slack                                  6.110    





Min Delay Paths
--------------------------------------------------------------------------------------
Slack (MET) :             0.235ns  (arrival time - required time)
  Source:                 audio_engine/duration_counter_reg[17]/C
                            (rising edge-triggered cell FDRE clocked by sys_clk_pin  {rise@0.000ns fall@5.000ns period=10.000ns})
  Destination:            audio_engine/duration_counter_reg[18]/D
                            (rising edge-triggered cell FDRE clocked by sys_clk_pin  {rise@0.000ns fall@5.000ns period=10.000ns})
  Path Group:             sys_clk_pin
  Path Type:              Hold (Min at Fast Process Corner)
  Requirement:            0.000ns  (sys_clk_pin rise@0.000ns - sys_clk_pin rise@0.000ns)
  Data Path Delay:        0.340ns  (logic 0.265ns (77.971%)  route 0.075ns (22.029%))
  Logic Levels:           1  (CARRY4=1)
  Clock Path Skew:        0.000ns (DCD - SCD - CPR)
    Destination Clock Delay (DCD):    2.035ns
    Source Clock Delay      (SCD):    1.516ns
    Clock Pessimism Removal (CPR):    0.518ns

    Location             Delay type                Incr(ns)  Path(ns)    Netlist Resource(s)
  -------------------------------------------------------------------    -------------------
                         (clock sys_clk_pin rise edge)
                                                      0.000     0.000 r  
    E3                                                0.000     0.000 r  clk_100MHz (IN)
                         net (fo=0)                   0.000     0.000    clk_100MHz
    E3                   IBUF (Prop_ibuf_I_O)         0.250     0.250 r  clk_100MHz_IBUF_inst/O
                         net (fo=1, routed)           0.644     0.894    clk_100MHz_IBUF
    BUFGCTRL_X0Y16       BUFG (Prop_bufg_I_O)         0.026     0.920 r  clk_100MHz_IBUF_BUFG_inst/O
                         net (fo=71, routed)          0.597     1.516    audio_engine/CLK
    SLICE_X3Y142         FDRE                                         r  audio_engine/duration_counter_reg[17]/C
  -------------------------------------------------------------------    -------------------
    SLICE_X3Y142         FDRE (Prop_fdre_C_Q)         0.141     1.657 r  audio_engine/duration_counter_reg[17]/Q
                         net (fo=3, routed)           0.075     1.732    audio_engine/duration_counter_reg_n_0_[17]
    SLICE_X3Y142         CARRY4 (Prop_carry4_DI[0]_O[1])
                                                      0.124     1.856 r  audio_engine/duration_counter0_carry__3/O[1]
                         net (fo=1, routed)           0.000     1.856    audio_engine/duration_counter0[18]
    SLICE_X3Y142         FDRE                                         r  audio_engine/duration_counter_reg[18]/D
  -------------------------------------------------------------------    -------------------

                         (clock sys_clk_pin rise edge)
                                                      0.000     0.000 r  
    E3                                                0.000     0.000 r  clk_100MHz (IN)
                         net (fo=0)                   0.000     0.000    clk_100MHz
    E3                   IBUF (Prop_ibuf_I_O)         0.438     0.438 r  clk_100MHz_IBUF_inst/O
                         net (fo=1, routed)           0.699     1.136    clk_100MHz_IBUF
    BUFGCTRL_X0Y16       BUFG (Prop_bufg_I_O)         0.029     1.165 r  clk_100MHz_IBUF_BUFG_inst/O
                         net (fo=71, routed)          0.870     2.035    audio_engine/CLK
    SLICE_X3Y142         FDRE                                         r  audio_engine/duration_counter_reg[18]/C
                         clock pessimism             -0.518     1.516    
    SLICE_X3Y142         FDRE (Hold_fdre_C_D)         0.105     1.621    audio_engine/duration_counter_reg[18]
  -------------------------------------------------------------------
                         required time                         -1.621    
                         arrival time                           1.856    
  -------------------------------------------------------------------
                         slack                                  0.235    

Slack (MET) :             0.236ns  (arrival time - required time)
  Source:                 audio_engine/duration_counter_reg[5]/C
                            (rising edge-triggered cell FDRE clocked by sys_clk_pin  {rise@0.000ns fall@5.000ns period=10.000ns})
  Destination:            audio_engine/duration_counter_reg[6]/D
                            (rising edge-triggered cell FDRE clocked by sys_clk_pin  {rise@0.000ns fall@5.000ns period=10.000ns})
  Path Group:             sys_clk_pin
  Path Type:              Hold (Min at Fast Process Corner)
  Requirement:            0.000ns  (sys_clk_pin rise@0.000ns - sys_clk_pin rise@0.000ns)
  Data Path Delay:        0.341ns  (logic 0.265ns (77.696%)  route 0.076ns (22.304%))
  Logic Levels:           1  (CARRY4=1)
  Clock Path Skew:        0.000ns (DCD - SCD - CPR)
    Destination Clock Delay (DCD):    2.034ns
    Source Clock Delay      (SCD):    1.515ns
    Clock Pessimism Removal (CPR):    0.518ns

    Location             Delay type                Incr(ns)  Path(ns)    Netlist Resource(s)
  -------------------------------------------------------------------    -------------------
                         (clock sys_clk_pin rise edge)
                                                      0.000     0.000 r  
    E3                                                0.000     0.000 r  clk_100MHz (IN)
                         net (fo=0)                   0.000     0.000    clk_100MHz
    E3                   IBUF (Prop_ibuf_I_O)         0.250     0.250 r  clk_100MHz_IBUF_inst/O
                         net (fo=1, routed)           0.644     0.894    clk_100MHz_IBUF
    BUFGCTRL_X0Y16       BUFG (Prop_bufg_I_O)         0.026     0.920 r  clk_100MHz_IBUF_BUFG_inst/O
                         net (fo=71, routed)          0.596     1.515    audio_engine/CLK
    SLICE_X3Y139         FDRE                                         r  audio_engine/duration_counter_reg[5]/C
  -------------------------------------------------------------------    -------------------
    SLICE_X3Y139         FDRE (Prop_fdre_C_Q)         0.141     1.656 r  audio_engine/duration_counter_reg[5]/Q
                         net (fo=3, routed)           0.076     1.733    audio_engine/duration_counter_reg_n_0_[5]
    SLICE_X3Y139         CARRY4 (Prop_carry4_DI[0]_O[1])
                                                      0.124     1.857 r  audio_engine/duration_counter0_carry__0/O[1]
                         net (fo=1, routed)           0.000     1.857    audio_engine/duration_counter0[6]
    SLICE_X3Y139         FDRE                                         r  audio_engine/duration_counter_reg[6]/D
  -------------------------------------------------------------------    -------------------

                         (clock sys_clk_pin rise edge)
                                                      0.000     0.000 r  
    E3                                                0.000     0.000 r  clk_100MHz (IN)
                         net (fo=0)                   0.000     0.000    clk_100MHz
    E3                   IBUF (Prop_ibuf_I_O)         0.438     0.438 r  clk_100MHz_IBUF_inst/O
                         net (fo=1, routed)           0.699     1.136    clk_100MHz_IBUF
    BUFGCTRL_X0Y16       BUFG (Prop_bufg_I_O)         0.029     1.165 r  clk_100MHz_IBUF_BUFG_inst/O
                         net (fo=71, routed)          0.869     2.034    audio_engine/CLK
    SLICE_X3Y139         FDRE                                         r  audio_engine/duration_counter_reg[6]/C
                         clock pessimism             -0.518     1.515    
    SLICE_X3Y139         FDRE (Hold_fdre_C_D)         0.105     1.620    audio_engine/duration_counter_reg[6]
  -------------------------------------------------------------------
                         required time                         -1.620    
                         arrival time                           1.857    
  -------------------------------------------------------------------
                         slack                                  0.236    

Slack (MET) :             0.239ns  (arrival time - required time)
  Source:                 audio_engine/duration_counter_reg[3]/C
                            (rising edge-triggered cell FDRE clocked by sys_clk_pin  {rise@0.000ns fall@5.000ns period=10.000ns})
  Destination:            audio_engine/duration_counter_reg[4]/D
                            (rising edge-triggered cell FDRE clocked by sys_clk_pin  {rise@0.000ns fall@5.000ns period=10.000ns})
  Path Group:             sys_clk_pin
  Path Type:              Hold (Min at Fast Process Corner)
  Requirement:            0.000ns  (sys_clk_pin rise@0.000ns - sys_clk_pin rise@0.000ns)
  Data Path Delay:        0.344ns  (logic 0.268ns (77.868%)  route 0.076ns (22.132%))
  Logic Levels:           1  (CARRY4=1)
  Clock Path Skew:        0.000ns (DCD - SCD - CPR)
    Destination Clock Delay (DCD):    2.034ns
    Source Clock Delay      (SCD):    1.515ns
    Clock Pessimism Removal (CPR):    0.518ns

    Location             Delay type                Incr(ns)  Path(ns)    Netlist Resource(s)
  -------------------------------------------------------------------    -------------------
                         (clock sys_clk_pin rise edge)
                                                      0.000     0.000 r  
    E3                                                0.000     0.000 r  clk_100MHz (IN)
                         net (fo=0)                   0.000     0.000    clk_100MHz
    E3                   IBUF (Prop_ibuf_I_O)         0.250     0.250 r  clk_100MHz_IBUF_inst/O
                         net (fo=1, routed)           0.644     0.894    clk_100MHz_IBUF
    BUFGCTRL_X0Y16       BUFG (Prop_bufg_I_O)         0.026     0.920 r  clk_100MHz_IBUF_BUFG_inst/O
                         net (fo=71, routed)          0.596     1.515    audio_engine/CLK
    SLICE_X3Y138         FDRE                                         r  audio_engine/duration_counter_reg[3]/C
  -------------------------------------------------------------------    -------------------
    SLICE_X3Y138         FDRE (Prop_fdre_C_Q)         0.141     1.656 r  audio_engine/duration_counter_reg[3]/Q
                         net (fo=3, routed)           0.076     1.733    audio_engine/duration_counter_reg_n_0_[3]
    SLICE_X3Y138         CARRY4 (Prop_carry4_DI[2]_O[3])
                                                      0.127     1.860 r  audio_engine/duration_counter0_carry/O[3]
                         net (fo=1, routed)           0.000     1.860    audio_engine/duration_counter0[4]
    SLICE_X3Y138         FDRE                                         r  audio_engine/duration_counter_reg[4]/D
  -------------------------------------------------------------------    -------------------

                         (clock sys_clk_pin rise edge)
                                                      0.000     0.000 r  
    E3                                                0.000     0.000 r  clk_100MHz (IN)
                         net (fo=0)                   0.000     0.000    clk_100MHz
    E3                   IBUF (Prop_ibuf_I_O)         0.438     0.438 r  clk_100MHz_IBUF_inst/O
                         net (fo=1, routed)           0.699     1.136    clk_100MHz_IBUF
    BUFGCTRL_X0Y16       BUFG (Prop_bufg_I_O)         0.029     1.165 r  clk_100MHz_IBUF_BUFG_inst/O
                         net (fo=71, routed)          0.869     2.034    audio_engine/CLK
    SLICE_X3Y138         FDRE                                         r  audio_engine/duration_counter_reg[4]/C
                         clock pessimism             -0.518     1.515    
    SLICE_X3Y138         FDRE (Hold_fdre_C_D)         0.105     1.620    audio_engine/duration_counter_reg[4]
  -------------------------------------------------------------------
                         required time                         -1.620    
                         arrival time                           1.860    
  -------------------------------------------------------------------
                         slack                                  0.239    

Slack (MET) :             0.250ns  (arrival time - required time)
  Source:                 display/refresh_counter_reg[10]/C
                            (rising edge-triggered cell FDRE clocked by sys_clk_pin  {rise@0.000ns fall@5.000ns period=10.000ns})
  Destination:            display/refresh_counter_reg[10]/D
                            (rising edge-triggered cell FDRE clocked by sys_clk_pin  {rise@0.000ns fall@5.000ns period=10.000ns})
  Path Group:             sys_clk_pin
  Path Type:              Hold (Min at Fast Process Corner)
  Requirement:            0.000ns  (sys_clk_pin rise@0.000ns - sys_clk_pin rise@0.000ns)
  Data Path Delay:        0.384ns  (logic 0.274ns (71.266%)  route 0.110ns (28.734%))
  Logic Levels:           1  (CARRY4=1)
  Clock Path Skew:        0.000ns (DCD - SCD - CPR)
    Destination Clock Delay (DCD):    2.005ns
    Source Clock Delay      (SCD):    1.488ns
    Clock Pessimism Removal (CPR):    0.516ns

    Location             Delay type                Incr(ns)  Path(ns)    Netlist Resource(s)
  -------------------------------------------------------------------    -------------------
                         (clock sys_clk_pin rise edge)
                                                      0.000     0.000 r  
    E3                                                0.000     0.000 r  clk_100MHz (IN)
                         net (fo=0)                   0.000     0.000    clk_100MHz
    E3                   IBUF (Prop_ibuf_I_O)         0.250     0.250 r  clk_100MHz_IBUF_inst/O
                         net (fo=1, routed)           0.644     0.894    clk_100MHz_IBUF
    BUFGCTRL_X0Y16       BUFG (Prop_bufg_I_O)         0.026     0.920 r  clk_100MHz_IBUF_BUFG_inst/O
                         net (fo=71, routed)          0.569     1.488    display/CLK
    SLICE_X10Y143        FDRE                                         r  display/refresh_counter_reg[10]/C
  -------------------------------------------------------------------    -------------------
    SLICE_X10Y143        FDRE (Prop_fdre_C_Q)         0.164     1.652 r  display/refresh_counter_reg[10]/Q
                         net (fo=1, routed)           0.110     1.763    display/refresh_counter_reg_n_0_[10]
    SLICE_X10Y143        CARRY4 (Prop_carry4_S[2]_O[2])
                                                      0.110     1.873 r  display/refresh_counter_reg[8]_i_1/O[2]
                         net (fo=1, routed)           0.000     1.873    display/refresh_counter_reg[8]_i_1_n_5
    SLICE_X10Y143        FDRE                                         r  display/refresh_counter_reg[10]/D
  -------------------------------------------------------------------    -------------------

                         (clock sys_clk_pin rise edge)
                                                      0.000     0.000 r  
    E3                                                0.000     0.000 r  clk_100MHz (IN)
                         net (fo=0)                   0.000     0.000    clk_100MHz
    E3                   IBUF (Prop_ibuf_I_O)         0.438     0.438 r  clk_100MHz_IBUF_inst/O
                         net (fo=1, routed)           0.699     1.136    clk_100MHz_IBUF
    BUFGCTRL_X0Y16       BUFG (Prop_bufg_I_O)         0.029     1.165 r  clk_100MHz_IBUF_BUFG_inst/O
                         net (fo=71, routed)          0.840     2.005    display/CLK
    SLICE_X10Y143        FDRE                                         r  display/refresh_counter_reg[10]/C
                         clock pessimism             -0.516     1.488    
    SLICE_X10Y143        FDRE (Hold_fdre_C_D)         0.134     1.622    display/refresh_counter_reg[10]
  -------------------------------------------------------------------
                         required time                         -1.622    
                         arrival time                           1.873    
  -------------------------------------------------------------------
                         slack                                  0.250    

Slack (MET) :             0.250ns  (arrival time - required time)
  Source:                 display/refresh_counter_reg[14]/C
                            (rising edge-triggered cell FDRE clocked by sys_clk_pin  {rise@0.000ns fall@5.000ns period=10.000ns})
  Destination:            display/refresh_counter_reg[14]/D
                            (rising edge-triggered cell FDRE clocked by sys_clk_pin  {rise@0.000ns fall@5.000ns period=10.000ns})
  Path Group:             sys_clk_pin
  Path Type:              Hold (Min at Fast Process Corner)
  Requirement:            0.000ns  (sys_clk_pin rise@0.000ns - sys_clk_pin rise@0.000ns)
  Data Path Delay:        0.384ns  (logic 0.274ns (71.266%)  route 0.110ns (28.734%))
  Logic Levels:           1  (CARRY4=1)
  Clock Path Skew:        0.000ns (DCD - SCD - CPR)
    Destination Clock Delay (DCD):    2.005ns
    Source Clock Delay      (SCD):    1.488ns
    Clock Pessimism Removal (CPR):    0.516ns

    Location             Delay type                Incr(ns)  Path(ns)    Netlist Resource(s)
  -------------------------------------------------------------------    -------------------
                         (clock sys_clk_pin rise edge)
                                                      0.000     0.000 r  
    E3                                                0.000     0.000 r  clk_100MHz (IN)
                         net (fo=0)                   0.000     0.000    clk_100MHz
    E3                   IBUF (Prop_ibuf_I_O)         0.250     0.250 r  clk_100MHz_IBUF_inst/O
                         net (fo=1, routed)           0.644     0.894    clk_100MHz_IBUF
    BUFGCTRL_X0Y16       BUFG (Prop_bufg_I_O)         0.026     0.920 r  clk_100MHz_IBUF_BUFG_inst/O
                         net (fo=71, routed)          0.569     1.488    display/CLK
    SLICE_X10Y144        FDRE                                         r  display/refresh_counter_reg[14]/C
  -------------------------------------------------------------------    -------------------
    SLICE_X10Y144        FDRE (Prop_fdre_C_Q)         0.164     1.652 r  display/refresh_counter_reg[14]/Q
                         net (fo=1, routed)           0.110     1.763    display/refresh_counter_reg_n_0_[14]
    SLICE_X10Y144        CARRY4 (Prop_carry4_S[2]_O[2])
                                                      0.110     1.873 r  display/refresh_counter_reg[12]_i_1/O[2]
                         net (fo=1, routed)           0.000     1.873    display/refresh_counter_reg[12]_i_1_n_5
    SLICE_X10Y144        FDRE                                         r  display/refresh_counter_reg[14]/D
  -------------------------------------------------------------------    -------------------

                         (clock sys_clk_pin rise edge)
                                                      0.000     0.000 r  
    E3                                                0.000     0.000 r  clk_100MHz (IN)
                         net (fo=0)                   0.000     0.000    clk_100MHz
    E3                   IBUF (Prop_ibuf_I_O)         0.438     0.438 r  clk_100MHz_IBUF_inst/O
                         net (fo=1, routed)           0.699     1.136    clk_100MHz_IBUF
    BUFGCTRL_X0Y16       BUFG (Prop_bufg_I_O)         0.029     1.165 r  clk_100MHz_IBUF_BUFG_inst/O
                         net (fo=71, routed)          0.840     2.005    display/CLK
    SLICE_X10Y144        FDRE                                         r  display/refresh_counter_reg[14]/C
                         clock pessimism             -0.516     1.488    
    SLICE_X10Y144        FDRE (Hold_fdre_C_D)         0.134     1.622    display/refresh_counter_reg[14]
  -------------------------------------------------------------------
                         required time                         -1.622    
                         arrival time                           1.873    
  -------------------------------------------------------------------
                         slack                                  0.250    

Slack (MET) :             0.250ns  (arrival time - required time)
  Source:                 display/refresh_counter_reg[2]/C
                            (rising edge-triggered cell FDRE clocked by sys_clk_pin  {rise@0.000ns fall@5.000ns period=10.000ns})
  Destination:            display/refresh_counter_reg[2]/D
                            (rising edge-triggered cell FDRE clocked by sys_clk_pin  {rise@0.000ns fall@5.000ns period=10.000ns})
  Path Group:             sys_clk_pin
  Path Type:              Hold (Min at Fast Process Corner)
  Requirement:            0.000ns  (sys_clk_pin rise@0.000ns - sys_clk_pin rise@0.000ns)
  Data Path Delay:        0.384ns  (logic 0.274ns (71.266%)  route 0.110ns (28.734%))
  Logic Levels:           1  (CARRY4=1)
  Clock Path Skew:        0.000ns (DCD - SCD - CPR)
    Destination Clock Delay (DCD):    2.004ns
    Source Clock Delay      (SCD):    1.487ns
    Clock Pessimism Removal (CPR):    0.516ns

    Location             Delay type                Incr(ns)  Path(ns)    Netlist Resource(s)
  -------------------------------------------------------------------    -------------------
                         (clock sys_clk_pin rise edge)
                                                      0.000     0.000 r  
    E3                                                0.000     0.000 r  clk_100MHz (IN)
                         net (fo=0)                   0.000     0.000    clk_100MHz
    E3                   IBUF (Prop_ibuf_I_O)         0.250     0.250 r  clk_100MHz_IBUF_inst/O
                         net (fo=1, routed)           0.644     0.894    clk_100MHz_IBUF
    BUFGCTRL_X0Y16       BUFG (Prop_bufg_I_O)         0.026     0.920 r  clk_100MHz_IBUF_BUFG_inst/O
                         net (fo=71, routed)          0.568     1.487    display/CLK
    SLICE_X10Y141        FDRE                                         r  display/refresh_counter_reg[2]/C
  -------------------------------------------------------------------    -------------------
    SLICE_X10Y141        FDRE (Prop_fdre_C_Q)         0.164     1.651 r  display/refresh_counter_reg[2]/Q
                         net (fo=1, routed)           0.110     1.762    display/refresh_counter_reg_n_0_[2]
    SLICE_X10Y141        CARRY4 (Prop_carry4_S[2]_O[2])
                                                      0.110     1.872 r  display/refresh_counter_reg[0]_i_1/O[2]
                         net (fo=1, routed)           0.000     1.872    display/refresh_counter_reg[0]_i_1_n_5
    SLICE_X10Y141        FDRE                                         r  display/refresh_counter_reg[2]/D
  -------------------------------------------------------------------    -------------------

                         (clock sys_clk_pin rise edge)
                                                      0.000     0.000 r  
    E3                                                0.000     0.000 r  clk_100MHz (IN)
                         net (fo=0)                   0.000     0.000    clk_100MHz
    E3                   IBUF (Prop_ibuf_I_O)         0.438     0.438 r  clk_100MHz_IBUF_inst/O
                         net (fo=1, routed)           0.699     1.136    clk_100MHz_IBUF
    BUFGCTRL_X0Y16       BUFG (Prop_bufg_I_O)         0.029     1.165 r  clk_100MHz_IBUF_BUFG_inst/O
                         net (fo=71, routed)          0.839     2.004    display/CLK
    SLICE_X10Y141        FDRE                                         r  display/refresh_counter_reg[2]/C
                         clock pessimism             -0.516     1.487    
    SLICE_X10Y141        FDRE (Hold_fdre_C_D)         0.134     1.621    display/refresh_counter_reg[2]
  -------------------------------------------------------------------
                         required time                         -1.621    
                         arrival time                           1.872    
  -------------------------------------------------------------------
                         slack                                  0.250    

Slack (MET) :             0.258ns  (arrival time - required time)
  Source:                 audio_engine/tone_counter_reg[19]/C
                            (rising edge-triggered cell FDRE clocked by sys_clk_pin  {rise@0.000ns fall@5.000ns period=10.000ns})
  Destination:            audio_engine/tone_counter_reg[19]/D
                            (rising edge-triggered cell FDRE clocked by sys_clk_pin  {rise@0.000ns fall@5.000ns period=10.000ns})
  Path Group:             sys_clk_pin
  Path Type:              Hold (Min at Fast Process Corner)
  Requirement:            0.000ns  (sys_clk_pin rise@0.000ns - sys_clk_pin rise@0.000ns)
  Data Path Delay:        0.363ns  (logic 0.249ns (68.675%)  route 0.114ns (31.325%))
  Logic Levels:           1  (CARRY4=1)
  Clock Path Skew:        0.000ns (DCD - SCD - CPR)
    Destination Clock Delay (DCD):    2.034ns
    Source Clock Delay      (SCD):    1.515ns
    Clock Pessimism Removal (CPR):    0.518ns

    Location             Delay type                Incr(ns)  Path(ns)    Netlist Resource(s)
  -------------------------------------------------------------------    -------------------
                         (clock sys_clk_pin rise edge)
                                                      0.000     0.000 r  
    E3                                                0.000     0.000 r  clk_100MHz (IN)
                         net (fo=0)                   0.000     0.000    clk_100MHz
    E3                   IBUF (Prop_ibuf_I_O)         0.250     0.250 r  clk_100MHz_IBUF_inst/O
                         net (fo=1, routed)           0.644     0.894    clk_100MHz_IBUF
    BUFGCTRL_X0Y16       BUFG (Prop_bufg_I_O)         0.026     0.920 r  clk_100MHz_IBUF_BUFG_inst/O
                         net (fo=71, routed)          0.596     1.515    audio_engine/CLK
    SLICE_X1Y139         FDRE                                         r  audio_engine/tone_counter_reg[19]/C
  -------------------------------------------------------------------    -------------------
    SLICE_X1Y139         FDRE (Prop_fdre_C_Q)         0.141     1.656 r  audio_engine/tone_counter_reg[19]/Q
                         net (fo=3, routed)           0.114     1.770    audio_engine/tone_counter_reg[19]
    SLICE_X1Y139         CARRY4 (Prop_carry4_S[3]_O[3])
                                                      0.108     1.878 r  audio_engine/tone_counter_reg[16]_i_1/O[3]
                         net (fo=1, routed)           0.000     1.878    audio_engine/tone_counter_reg[16]_i_1_n_4
    SLICE_X1Y139         FDRE                                         r  audio_engine/tone_counter_reg[19]/D
  -------------------------------------------------------------------    -------------------

                         (clock sys_clk_pin rise edge)
                                                      0.000     0.000 r  
    E3                                                0.000     0.000 r  clk_100MHz (IN)
                         net (fo=0)                   0.000     0.000    clk_100MHz
    E3                   IBUF (Prop_ibuf_I_O)         0.438     0.438 r  clk_100MHz_IBUF_inst/O
                         net (fo=1, routed)           0.699     1.136    clk_100MHz_IBUF
    BUFGCTRL_X0Y16       BUFG (Prop_bufg_I_O)         0.029     1.165 r  clk_100MHz_IBUF_BUFG_inst/O
                         net (fo=71, routed)          0.869     2.034    audio_engine/CLK
    SLICE_X1Y139         FDRE                                         r  audio_engine/tone_counter_reg[19]/C
                         clock pessimism             -0.518     1.515    
    SLICE_X1Y139         FDRE (Hold_fdre_C_D)         0.105     1.620    audio_engine/tone_counter_reg[19]
  -------------------------------------------------------------------
                         required time                         -1.620    
                         arrival time                           1.878    
  -------------------------------------------------------------------
                         slack                                  0.258    

Slack (MET) :             0.258ns  (arrival time - required time)
  Source:                 audio_engine/duration_counter_reg[18]/C
                            (rising edge-triggered cell FDRE clocked by sys_clk_pin  {rise@0.000ns fall@5.000ns period=10.000ns})
  Destination:            audio_engine/duration_counter_reg[19]/D
                            (rising edge-triggered cell FDSE clocked by sys_clk_pin  {rise@0.000ns fall@5.000ns period=10.000ns})
  Path Group:             sys_clk_pin
  Path Type:              Hold (Min at Fast Process Corner)
  Requirement:            0.000ns  (sys_clk_pin rise@0.000ns - sys_clk_pin rise@0.000ns)
  Data Path Delay:        0.363ns  (logic 0.287ns (79.047%)  route 0.076ns (20.953%))
  Logic Levels:           1  (CARRY4=1)
  Clock Path Skew:        0.000ns (DCD - SCD - CPR)
    Destination Clock Delay (DCD):    2.035ns
    Source Clock Delay      (SCD):    1.516ns
    Clock Pessimism Removal (CPR):    0.518ns

    Location             Delay type                Incr(ns)  Path(ns)    Netlist Resource(s)
  -------------------------------------------------------------------    -------------------
                         (clock sys_clk_pin rise edge)
                                                      0.000     0.000 r  
    E3                                                0.000     0.000 r  clk_100MHz (IN)
                         net (fo=0)                   0.000     0.000    clk_100MHz
    E3                   IBUF (Prop_ibuf_I_O)         0.250     0.250 r  clk_100MHz_IBUF_inst/O
                         net (fo=1, routed)           0.644     0.894    clk_100MHz_IBUF
    BUFGCTRL_X0Y16       BUFG (Prop_bufg_I_O)         0.026     0.920 r  clk_100MHz_IBUF_BUFG_inst/O
                         net (fo=71, routed)          0.597     1.516    audio_engine/CLK
    SLICE_X3Y142         FDRE                                         r  audio_engine/duration_counter_reg[18]/C
  -------------------------------------------------------------------    -------------------
    SLICE_X3Y142         FDRE (Prop_fdre_C_Q)         0.141     1.657 r  audio_engine/duration_counter_reg[18]/Q
                         net (fo=3, routed)           0.076     1.734    audio_engine/duration_counter_reg_n_0_[18]
    SLICE_X3Y142         CARRY4 (Prop_carry4_DI[1]_O[2])
                                                      0.146     1.880 r  audio_engine/duration_counter0_carry__3/O[2]
                         net (fo=1, routed)           0.000     1.880    audio_engine/duration_counter0[19]
    SLICE_X3Y142         FDSE                                         r  audio_engine/duration_counter_reg[19]/D
  -------------------------------------------------------------------    -------------------

                         (clock sys_clk_pin rise edge)
                                                      0.000     0.000 r  
    E3                                                0.000     0.000 r  clk_100MHz (IN)
                         net (fo=0)                   0.000     0.000    clk_100MHz
    E3                   IBUF (Prop_ibuf_I_O)         0.438     0.438 r  clk_100MHz_IBUF_inst/O
                         net (fo=1, routed)           0.699     1.136    clk_100MHz_IBUF
    BUFGCTRL_X0Y16       BUFG (Prop_bufg_I_O)         0.029     1.165 r  clk_100MHz_IBUF_BUFG_inst/O
                         net (fo=71, routed)          0.870     2.035    audio_engine/CLK
    SLICE_X3Y142         FDSE                                         r  audio_engine/duration_counter_reg[19]/C
                         clock pessimism             -0.518     1.516    
    SLICE_X3Y142         FDSE (Hold_fdse_C_D)         0.105     1.621    audio_engine/duration_counter_reg[19]
  -------------------------------------------------------------------
                         required time                         -1.621    
                         arrival time                           1.880    
  -------------------------------------------------------------------
                         slack                                  0.258    

Slack (MET) :             0.258ns  (arrival time - required time)
  Source:                 audio_engine/duration_counter_reg[2]/C
                            (rising edge-triggered cell FDRE clocked by sys_clk_pin  {rise@0.000ns fall@5.000ns period=10.000ns})
  Destination:            audio_engine/duration_counter_reg[3]/D
                            (rising edge-triggered cell FDRE clocked by sys_clk_pin  {rise@0.000ns fall@5.000ns period=10.000ns})
  Path Group:             sys_clk_pin
  Path Type:              Hold (Min at Fast Process Corner)
  Requirement:            0.000ns  (sys_clk_pin rise@0.000ns - sys_clk_pin rise@0.000ns)
  Data Path Delay:        0.363ns  (logic 0.287ns (79.047%)  route 0.076ns (20.953%))
  Logic Levels:           1  (CARRY4=1)
  Clock Path Skew:        0.000ns (DCD - SCD - CPR)
    Destination Clock Delay (DCD):    2.034ns
    Source Clock Delay      (SCD):    1.515ns
    Clock Pessimism Removal (CPR):    0.518ns

    Location             Delay type                Incr(ns)  Path(ns)    Netlist Resource(s)
  -------------------------------------------------------------------    -------------------
                         (clock sys_clk_pin rise edge)
                                                      0.000     0.000 r  
    E3                                                0.000     0.000 r  clk_100MHz (IN)
                         net (fo=0)                   0.000     0.000    clk_100MHz
    E3                   IBUF (Prop_ibuf_I_O)         0.250     0.250 r  clk_100MHz_IBUF_inst/O
                         net (fo=1, routed)           0.644     0.894    clk_100MHz_IBUF
    BUFGCTRL_X0Y16       BUFG (Prop_bufg_I_O)         0.026     0.920 r  clk_100MHz_IBUF_BUFG_inst/O
                         net (fo=71, routed)          0.596     1.515    audio_engine/CLK
    SLICE_X3Y138         FDRE                                         r  audio_engine/duration_counter_reg[2]/C
  -------------------------------------------------------------------    -------------------
    SLICE_X3Y138         FDRE (Prop_fdre_C_Q)         0.141     1.656 r  audio_engine/duration_counter_reg[2]/Q
                         net (fo=3, routed)           0.076     1.733    audio_engine/duration_counter_reg_n_0_[2]
    SLICE_X3Y138         CARRY4 (Prop_carry4_DI[1]_O[2])
                                                      0.146     1.879 r  audio_engine/duration_counter0_carry/O[2]
                         net (fo=1, routed)           0.000     1.879    audio_engine/duration_counter0[3]
    SLICE_X3Y138         FDRE                                         r  audio_engine/duration_counter_reg[3]/D
  -------------------------------------------------------------------    -------------------

                         (clock sys_clk_pin rise edge)
                                                      0.000     0.000 r  
    E3                                                0.000     0.000 r  clk_100MHz (IN)
                         net (fo=0)                   0.000     0.000    clk_100MHz
    E3                   IBUF (Prop_ibuf_I_O)         0.438     0.438 r  clk_100MHz_IBUF_inst/O
                         net (fo=1, routed)           0.699     1.136    clk_100MHz_IBUF
    BUFGCTRL_X0Y16       BUFG (Prop_bufg_I_O)         0.029     1.165 r  clk_100MHz_IBUF_BUFG_inst/O
                         net (fo=71, routed)          0.869     2.034    audio_engine/CLK
    SLICE_X3Y138         FDRE                                         r  audio_engine/duration_counter_reg[3]/C
                         clock pessimism             -0.518     1.515    
    SLICE_X3Y138         FDRE (Hold_fdre_C_D)         0.105     1.620    audio_engine/duration_counter_reg[3]
  -------------------------------------------------------------------
                         required time                         -1.620    
                         arrival time                           1.879    
  -------------------------------------------------------------------
                         slack                                  0.258    

Slack (MET) :             0.258ns  (arrival time - required time)
  Source:                 audio_engine/duration_counter_reg[6]/C
                            (rising edge-triggered cell FDRE clocked by sys_clk_pin  {rise@0.000ns fall@5.000ns period=10.000ns})
  Destination:            audio_engine/duration_counter_reg[7]/D
                            (rising edge-triggered cell FDSE clocked by sys_clk_pin  {rise@0.000ns fall@5.000ns period=10.000ns})
  Path Group:             sys_clk_pin
  Path Type:              Hold (Min at Fast Process Corner)
  Requirement:            0.000ns  (sys_clk_pin rise@0.000ns - sys_clk_pin rise@0.000ns)
  Data Path Delay:        0.363ns  (logic 0.287ns (79.047%)  route 0.076ns (20.953%))
  Logic Levels:           1  (CARRY4=1)
  Clock Path Skew:        0.000ns (DCD - SCD - CPR)
    Destination Clock Delay (DCD):    2.034ns
    Source Clock Delay      (SCD):    1.515ns
    Clock Pessimism Removal (CPR):    0.518ns

    Location             Delay type                Incr(ns)  Path(ns)    Netlist Resource(s)
  -------------------------------------------------------------------    -------------------
                         (clock sys_clk_pin rise edge)
                                                      0.000     0.000 r  
    E3                                                0.000     0.000 r  clk_100MHz (IN)
                         net (fo=0)                   0.000     0.000    clk_100MHz
    E3                   IBUF (Prop_ibuf_I_O)         0.250     0.250 r  clk_100MHz_IBUF_inst/O
                         net (fo=1, routed)           0.644     0.894    clk_100MHz_IBUF
    BUFGCTRL_X0Y16       BUFG (Prop_bufg_I_O)         0.026     0.920 r  clk_100MHz_IBUF_BUFG_inst/O
                         net (fo=71, routed)          0.596     1.515    audio_engine/CLK
    SLICE_X3Y139         FDRE                                         r  audio_engine/duration_counter_reg[6]/C
  -------------------------------------------------------------------    -------------------
    SLICE_X3Y139         FDRE (Prop_fdre_C_Q)         0.141     1.656 r  audio_engine/duration_counter_reg[6]/Q
                         net (fo=3, routed)           0.076     1.733    audio_engine/duration_counter_reg_n_0_[6]
    SLICE_X3Y139         CARRY4 (Prop_carry4_DI[1]_O[2])
                                                      0.146     1.879 r  audio_engine/duration_counter0_carry__0/O[2]
                         net (fo=1, routed)           0.000     1.879    audio_engine/duration_counter0[7]
    SLICE_X3Y139         FDSE                                         r  audio_engine/duration_counter_reg[7]/D
  -------------------------------------------------------------------    -------------------

                         (clock sys_clk_pin rise edge)
                                                      0.000     0.000 r  
    E3                                                0.000     0.000 r  clk_100MHz (IN)
                         net (fo=0)                   0.000     0.000    clk_100MHz
    E3                   IBUF (Prop_ibuf_I_O)         0.438     0.438 r  clk_100MHz_IBUF_inst/O
                         net (fo=1, routed)           0.699     1.136    clk_100MHz_IBUF
    BUFGCTRL_X0Y16       BUFG (Prop_bufg_I_O)         0.029     1.165 r  clk_100MHz_IBUF_BUFG_inst/O
                         net (fo=71, routed)          0.869     2.034    audio_engine/CLK
    SLICE_X3Y139         FDSE                                         r  audio_engine/duration_counter_reg[7]/C
                         clock pessimism             -0.518     1.515    
    SLICE_X3Y139         FDSE (Hold_fdse_C_D)         0.105     1.620    audio_engine/duration_counter_reg[7]
  -------------------------------------------------------------------
                         required time                         -1.620    
                         arrival time                           1.879    
  -------------------------------------------------------------------
                         slack                                  0.258    





Pulse Width Checks
--------------------------------------------------------------------------------------
Clock Name:         sys_clk_pin
Waveform(ns):       { 0.000 5.000 }
Period(ns):         10.000
Sources:            { clk_100MHz }

Check Type        Corner  Lib Pin  Reference Pin  Required(ns)  Actual(ns)  Slack(ns)  Location        Pin
Min Period        n/a     BUFG/I   n/a            1.592         10.000      8.408      BUFGCTRL_X0Y16  clk_100MHz_IBUF_BUFG_inst/I
Min Period        n/a     FDRE/C   n/a            1.000         10.000      9.000      SLICE_X1Y141    audio_engine/aud_pwm_reg/C
Min Period        n/a     FDRE/C   n/a            1.000         10.000      9.000      SLICE_X3Y140    audio_engine/duration_counter_reg[0]/C
Min Period        n/a     FDSE/C   n/a            1.000         10.000      9.000      SLICE_X2Y140    audio_engine/duration_counter_reg[10]/C
Min Period        n/a     FDRE/C   n/a            1.000         10.000      9.000      SLICE_X3Y140    audio_engine/duration_counter_reg[11]/C
Min Period        n/a     FDSE/C   n/a            1.000         10.000      9.000      SLICE_X2Y140    audio_engine/duration_counter_reg[12]/C
Min Period        n/a     FDRE/C   n/a            1.000         10.000      9.000      SLICE_X3Y141    audio_engine/duration_counter_reg[13]/C
Min Period        n/a     FDRE/C   n/a            1.000         10.000      9.000      SLICE_X2Y141    audio_engine/duration_counter_reg[14]/C
Min Period        n/a     FDSE/C   n/a            1.000         10.000      9.000      SLICE_X3Y141    audio_engine/duration_counter_reg[15]/C
Min Period        n/a     FDRE/C   n/a            1.000         10.000      9.000      SLICE_X2Y141    audio_engine/duration_counter_reg[16]/C
Low Pulse Width   Slow    FDRE/C   n/a            0.500         5.000       4.500      SLICE_X1Y141    audio_engine/aud_pwm_reg/C
Low Pulse Width   Fast    FDRE/C   n/a            0.500         5.000       4.500      SLICE_X1Y141    audio_engine/aud_pwm_reg/C
Low Pulse Width   Slow    FDRE/C   n/a            0.500         5.000       4.500      SLICE_X3Y140    audio_engine/duration_counter_reg[0]/C
Low Pulse Width   Fast    FDRE/C   n/a            0.500         5.000       4.500      SLICE_X3Y140    audio_engine/duration_counter_reg[0]/C
Low Pulse Width   Slow    FDSE/C   n/a            0.500         5.000       4.500      SLICE_X2Y140    audio_engine/duration_counter_reg[10]/C
Low Pulse Width   Fast    FDSE/C   n/a            0.500         5.000       4.500      SLICE_X2Y140    audio_engine/duration_counter_reg[10]/C
Low Pulse Width   Slow    FDRE/C   n/a            0.500         5.000       4.500      SLICE_X3Y140    audio_engine/duration_counter_reg[11]/C
Low Pulse Width   Fast    FDRE/C   n/a            0.500         5.000       4.500      SLICE_X3Y140    audio_engine/duration_counter_reg[11]/C
Low Pulse Width   Slow    FDSE/C   n/a            0.500         5.000       4.500      SLICE_X2Y140    audio_engine/duration_counter_reg[12]/C
Low Pulse Width   Fast    FDSE/C   n/a            0.500         5.000       4.500      SLICE_X2Y140    audio_engine/duration_counter_reg[12]/C
High Pulse Width  Slow    FDRE/C   n/a            0.500         5.000       4.500      SLICE_X1Y141    audio_engine/aud_pwm_reg/C
High Pulse Width  Fast    FDRE/C   n/a            0.500         5.000       4.500      SLICE_X1Y141    audio_engine/aud_pwm_reg/C
High Pulse Width  Slow    FDRE/C   n/a            0.500         5.000       4.500      SLICE_X3Y140    audio_engine/duration_counter_reg[0]/C
High Pulse Width  Fast    FDRE/C   n/a            0.500         5.000       4.500      SLICE_X3Y140    audio_engine/duration_counter_reg[0]/C
High Pulse Width  Slow    FDSE/C   n/a            0.500         5.000       4.500      SLICE_X2Y140    audio_engine/duration_counter_reg[10]/C
High Pulse Width  Fast    FDSE/C   n/a            0.500         5.000       4.500      SLICE_X2Y140    audio_engine/duration_counter_reg[10]/C
High Pulse Width  Slow    FDRE/C   n/a            0.500         5.000       4.500      SLICE_X3Y140    audio_engine/duration_counter_reg[11]/C
High Pulse Width  Fast    FDRE/C   n/a            0.500         5.000       4.500      SLICE_X3Y140    audio_engine/duration_counter_reg[11]/C
High Pulse Width  Slow    FDSE/C   n/a            0.500         5.000       4.500      SLICE_X2Y140    audio_engine/duration_counter_reg[12]/C
High Pulse Width  Fast    FDSE/C   n/a            0.500         5.000       4.500      SLICE_X2Y140    audio_engine/duration_counter_reg[12]/C



--------------------------------------------------------------------------------------
Path Group:  (none)
From Clock:  
  To Clock:  

Max Delay           248 Endpoints
Min Delay           248 Endpoints
--------------------------------------------------------------------------------------


Max Delay Paths
--------------------------------------------------------------------------------------
Slack:                    inf
  Source:                 bird_y_reg[7]/C
                            (rising edge-triggered cell FDSE)
  Destination:            VGA_R[3]
                            (output port)
  Path Group:             (none)
  Path Type:              Max at Slow Process Corner
  Data Path Delay:        12.538ns  (logic 4.763ns (37.987%)  route 7.776ns (62.013%))
  Logic Levels:           8  (CARRY4=1 FDSE=1 LUT4=2 LUT5=1 LUT6=2 OBUF=1)

    Location             Delay type                Incr(ns)  Path(ns)    Netlist Resource(s)
  -------------------------------------------------------------------    -------------------
    SLICE_X5Y146         FDSE                         0.000     0.000 r  bird_y_reg[7]/C
    SLICE_X5Y146         FDSE (Prop_fdse_C_Q)         0.319     0.319 r  bird_y_reg[7]/Q
                         net (fo=26, routed)          1.046     1.365    vga_ctrl/bird_y[7]
    SLICE_X4Y150         LUT4 (Prop_lut4_I0_O)        0.223     1.588 r  vga_ctrl/VGA_R_OBUF[3]_inst_i_46/O
                         net (fo=9, routed)           0.852     2.440    vga_ctrl/bird_y_reg[7]
    SLICE_X1Y153         LUT6 (Prop_lut6_I2_O)        0.239     2.679 r  vga_ctrl/VGA_R_OBUF[0]_inst_i_15/O
                         net (fo=1, routed)           0.367     3.046    vga_ctrl/VGA_R_OBUF[0]_inst_i_15_n_0
    SLICE_X2Y153         CARRY4 (Prop_carry4_DI[0]_CO[1])
                                                      0.363     3.409 f  vga_ctrl/VGA_R_OBUF[0]_inst_i_9/CO[1]
                         net (fo=2, routed)           0.630     4.040    vga_ctrl/eye11
    SLICE_X4Y154         LUT6 (Prop_lut6_I4_O)        0.251     4.291 r  vga_ctrl/VGA_G_OBUF[3]_inst_i_4/O
                         net (fo=1, routed)           0.494     4.785    vga_ctrl/VGA_G_OBUF[3]_inst_i_4_n_0
    SLICE_X4Y154         LUT5 (Prop_lut5_I3_O)        0.097     4.882 r  vga_ctrl/VGA_G_OBUF[3]_inst_i_1/O
                         net (fo=5, routed)           0.837     5.719    vga_ctrl/VGA_G_OBUF[3]
    SLICE_X7Y152         LUT4 (Prop_lut4_I2_O)        0.097     5.816 r  vga_ctrl/VGA_R_OBUF[3]_inst_i_1/O
                         net (fo=3, routed)           3.549     9.365    VGA_R_OBUF[1]
    A4                   OBUF (Prop_obuf_I_O)         3.174    12.538 r  VGA_R_OBUF[3]_inst/O
                         net (fo=0)                   0.000    12.538    VGA_R[3]
    A4                                                                r  VGA_R[3] (OUT)
  -------------------------------------------------------------------    -------------------

Slack:                    inf
  Source:                 bird_y_reg[7]/C
                            (rising edge-triggered cell FDSE)
  Destination:            VGA_R[1]
                            (output port)
  Path Group:             (none)
  Path Type:              Max at Slow Process Corner
  Data Path Delay:        12.439ns  (logic 4.760ns (38.264%)  route 7.679ns (61.736%))
  Logic Levels:           8  (CARRY4=1 FDSE=1 LUT4=2 LUT5=1 LUT6=2 OBUF=1)

    Location             Delay type                Incr(ns)  Path(ns)    Netlist Resource(s)
  -------------------------------------------------------------------    -------------------
    SLICE_X5Y146         FDSE                         0.000     0.000 r  bird_y_reg[7]/C
    SLICE_X5Y146         FDSE (Prop_fdse_C_Q)         0.319     0.319 r  bird_y_reg[7]/Q
                         net (fo=26, routed)          1.046     1.365    vga_ctrl/bird_y[7]
    SLICE_X4Y150         LUT4 (Prop_lut4_I0_O)        0.223     1.588 r  vga_ctrl/VGA_R_OBUF[3]_inst_i_46/O
                         net (fo=9, routed)           0.852     2.440    vga_ctrl/bird_y_reg[7]
    SLICE_X1Y153         LUT6 (Prop_lut6_I2_O)        0.239     2.679 r  vga_ctrl/VGA_R_OBUF[0]_inst_i_15/O
                         net (fo=1, routed)           0.367     3.046    vga_ctrl/VGA_R_OBUF[0]_inst_i_15_n_0
    SLICE_X2Y153         CARRY4 (Prop_carry4_DI[0]_CO[1])
                                                      0.363     3.409 f  vga_ctrl/VGA_R_OBUF[0]_inst_i_9/CO[1]
                         net (fo=2, routed)           0.630     4.040    vga_ctrl/eye11
    SLICE_X4Y154         LUT6 (Prop_lut6_I4_O)        0.251     4.291 r  vga_ctrl/VGA_G_OBUF[3]_inst_i_4/O
                         net (fo=1, routed)           0.494     4.785    vga_ctrl/VGA_G_OBUF[3]_inst_i_4_n_0
    SLICE_X4Y154         LUT5 (Prop_lut5_I3_O)        0.097     4.882 r  vga_ctrl/VGA_G_OBUF[3]_inst_i_1/O
                         net (fo=5, routed)           0.837     5.719    vga_ctrl/VGA_G_OBUF[3]
    SLICE_X7Y152         LUT4 (Prop_lut4_I2_O)        0.097     5.816 r  vga_ctrl/VGA_R_OBUF[3]_inst_i_1/O
                         net (fo=3, routed)           3.453     9.268    VGA_R_OBUF[1]
    B4                   OBUF (Prop_obuf_I_O)         3.171    12.439 r  VGA_R_OBUF[1]_inst/O
                         net (fo=0)                   0.000    12.439    VGA_R[1]
    B4                                                                r  VGA_R[1] (OUT)
  -------------------------------------------------------------------    -------------------

Slack:                    inf
  Source:                 bird_y_reg[7]/C
                            (rising edge-triggered cell FDSE)
  Destination:            VGA_G[1]
                            (output port)
  Path Group:             (none)
  Path Type:              Max at Slow Process Corner
  Data Path Delay:        12.304ns  (logic 4.898ns (39.809%)  route 7.406ns (60.191%))
  Logic Levels:           8  (CARRY4=1 FDSE=1 LUT3=1 LUT4=1 LUT5=1 LUT6=2 OBUF=1)

    Location             Delay type                Incr(ns)  Path(ns)    Netlist Resource(s)
  -------------------------------------------------------------------    -------------------
    SLICE_X5Y146         FDSE                         0.000     0.000 r  bird_y_reg[7]/C
    SLICE_X5Y146         FDSE (Prop_fdse_C_Q)         0.319     0.319 r  bird_y_reg[7]/Q
                         net (fo=26, routed)          1.046     1.365    vga_ctrl/bird_y[7]
    SLICE_X4Y150         LUT4 (Prop_lut4_I0_O)        0.223     1.588 r  vga_ctrl/VGA_R_OBUF[3]_inst_i_46/O
                         net (fo=9, routed)           0.852     2.440    vga_ctrl/bird_y_reg[7]
    SLICE_X1Y153         LUT6 (Prop_lut6_I2_O)        0.239     2.679 r  vga_ctrl/VGA_R_OBUF[0]_inst_i_15/O
                         net (fo=1, routed)           0.367     3.046    vga_ctrl/VGA_R_OBUF[0]_inst_i_15_n_0
    SLICE_X2Y153         CARRY4 (Prop_carry4_DI[0]_CO[1])
                                                      0.363     3.409 f  vga_ctrl/VGA_R_OBUF[0]_inst_i_9/CO[1]
                         net (fo=2, routed)           0.630     4.040    vga_ctrl/eye11
    SLICE_X4Y154         LUT6 (Prop_lut6_I4_O)        0.251     4.291 r  vga_ctrl/VGA_G_OBUF[3]_inst_i_4/O
                         net (fo=1, routed)           0.494     4.785    vga_ctrl/VGA_G_OBUF[3]_inst_i_4_n_0
    SLICE_X4Y154         LUT5 (Prop_lut5_I3_O)        0.097     4.882 r  vga_ctrl/VGA_G_OBUF[3]_inst_i_1/O
                         net (fo=5, routed)           0.837     5.719    vga_ctrl/VGA_G_OBUF[3]
    SLICE_X7Y152         LUT3 (Prop_lut3_I0_O)        0.097     5.816 r  vga_ctrl/VGA_G_OBUF[1]_inst_i_1/O
                         net (fo=1, routed)           3.179     8.995    VGA_G_OBUF[1]
    A5                   OBUF (Prop_obuf_I_O)         3.309    12.304 r  VGA_G_OBUF[1]_inst/O
                         net (fo=0)                   0.000    12.304    VGA_G[1]
    A5                                                                r  VGA_G[1] (OUT)
  -------------------------------------------------------------------    -------------------

Slack:                    inf
  Source:                 bird_y_reg[7]/C
                            (rising edge-triggered cell FDSE)
  Destination:            VGA_G[2]
                            (output port)
  Path Group:             (none)
  Path Type:              Max at Slow Process Corner
  Data Path Delay:        12.284ns  (logic 4.758ns (38.731%)  route 7.526ns (61.269%))
  Logic Levels:           8  (CARRY4=1 FDSE=1 LUT4=1 LUT5=1 LUT6=3 OBUF=1)

    Location             Delay type                Incr(ns)  Path(ns)    Netlist Resource(s)
  -------------------------------------------------------------------    -------------------
    SLICE_X5Y146         FDSE                         0.000     0.000 r  bird_y_reg[7]/C
    SLICE_X5Y146         FDSE (Prop_fdse_C_Q)         0.319     0.319 r  bird_y_reg[7]/Q
                         net (fo=26, routed)          1.046     1.365    vga_ctrl/bird_y[7]
    SLICE_X4Y150         LUT4 (Prop_lut4_I0_O)        0.223     1.588 r  vga_ctrl/VGA_R_OBUF[3]_inst_i_46/O
                         net (fo=9, routed)           0.852     2.440    vga_ctrl/bird_y_reg[7]
    SLICE_X1Y153         LUT6 (Prop_lut6_I2_O)        0.239     2.679 r  vga_ctrl/VGA_R_OBUF[0]_inst_i_15/O
                         net (fo=1, routed)           0.367     3.046    vga_ctrl/VGA_R_OBUF[0]_inst_i_15_n_0
    SLICE_X2Y153         CARRY4 (Prop_carry4_DI[0]_CO[1])
                                                      0.363     3.409 f  vga_ctrl/VGA_R_OBUF[0]_inst_i_9/CO[1]
                         net (fo=2, routed)           0.630     4.040    vga_ctrl/eye11
    SLICE_X4Y154         LUT6 (Prop_lut6_I4_O)        0.251     4.291 r  vga_ctrl/VGA_G_OBUF[3]_inst_i_4/O
                         net (fo=1, routed)           0.494     4.785    vga_ctrl/VGA_G_OBUF[3]_inst_i_4_n_0
    SLICE_X4Y154         LUT5 (Prop_lut5_I3_O)        0.097     4.882 r  vga_ctrl/VGA_G_OBUF[3]_inst_i_1/O
                         net (fo=5, routed)           0.839     5.721    vga_ctrl/VGA_G_OBUF[3]
    SLICE_X6Y152         LUT6 (Prop_lut6_I0_O)        0.097     5.818 r  vga_ctrl/VGA_G_OBUF[2]_inst_i_1/O
                         net (fo=1, routed)           3.298     9.115    VGA_G_OBUF[2]
    B6                   OBUF (Prop_obuf_I_O)         3.169    12.284 r  VGA_G_OBUF[2]_inst/O
                         net (fo=0)                   0.000    12.284    VGA_G[2]
    B6                                                                r  VGA_G[2] (OUT)
  -------------------------------------------------------------------    -------------------

Slack:                    inf
  Source:                 bird_y_reg[7]/C
                            (rising edge-triggered cell FDSE)
  Destination:            VGA_R[2]
                            (output port)
  Path Group:             (none)
  Path Type:              Max at Slow Process Corner
  Data Path Delay:        12.100ns  (logic 4.747ns (39.228%)  route 7.353ns (60.772%))
  Logic Levels:           8  (CARRY4=1 FDSE=1 LUT4=2 LUT5=1 LUT6=2 OBUF=1)

    Location             Delay type                Incr(ns)  Path(ns)    Netlist Resource(s)
  -------------------------------------------------------------------    -------------------
    SLICE_X5Y146         FDSE                         0.000     0.000 r  bird_y_reg[7]/C
    SLICE_X5Y146         FDSE (Prop_fdse_C_Q)         0.319     0.319 r  bird_y_reg[7]/Q
                         net (fo=26, routed)          1.046     1.365    vga_ctrl/bird_y[7]
    SLICE_X4Y150         LUT4 (Prop_lut4_I0_O)        0.223     1.588 r  vga_ctrl/VGA_R_OBUF[3]_inst_i_46/O
                         net (fo=9, routed)           0.852     2.440    vga_ctrl/bird_y_reg[7]
    SLICE_X1Y153         LUT6 (Prop_lut6_I2_O)        0.239     2.679 r  vga_ctrl/VGA_R_OBUF[0]_inst_i_15/O
                         net (fo=1, routed)           0.367     3.046    vga_ctrl/VGA_R_OBUF[0]_inst_i_15_n_0
    SLICE_X2Y153         CARRY4 (Prop_carry4_DI[0]_CO[1])
                                                      0.363     3.409 f  vga_ctrl/VGA_R_OBUF[0]_inst_i_9/CO[1]
                         net (fo=2, routed)           0.630     4.040    vga_ctrl/eye11
    SLICE_X4Y154         LUT6 (Prop_lut6_I4_O)        0.251     4.291 r  vga_ctrl/VGA_G_OBUF[3]_inst_i_4/O
                         net (fo=1, routed)           0.494     4.785    vga_ctrl/VGA_G_OBUF[3]_inst_i_4_n_0
    SLICE_X4Y154         LUT5 (Prop_lut5_I3_O)        0.097     4.882 r  vga_ctrl/VGA_G_OBUF[3]_inst_i_1/O
                         net (fo=5, routed)           0.837     5.719    vga_ctrl/VGA_G_OBUF[3]
    SLICE_X7Y152         LUT4 (Prop_lut4_I2_O)        0.097     5.816 r  vga_ctrl/VGA_R_OBUF[3]_inst_i_1/O
                         net (fo=3, routed)           3.127     8.942    VGA_R_OBUF[1]
    C5                   OBUF (Prop_obuf_I_O)         3.158    12.100 r  VGA_R_OBUF[2]_inst/O
                         net (fo=0)                   0.000    12.100    VGA_R[2]
    C5                                                                r  VGA_R[2] (OUT)
  -------------------------------------------------------------------    -------------------

Slack:                    inf
  Source:                 bird_y_reg[7]/C
                            (rising edge-triggered cell FDSE)
  Destination:            VGA_G[0]
                            (output port)
  Path Group:             (none)
  Path Type:              Max at Slow Process Corner
  Data Path Delay:        11.794ns  (logic 4.900ns (41.542%)  route 6.895ns (58.458%))
  Logic Levels:           8  (CARRY4=1 FDSE=1 LUT3=1 LUT4=1 LUT5=1 LUT6=2 OBUF=1)

    Location             Delay type                Incr(ns)  Path(ns)    Netlist Resource(s)
  -------------------------------------------------------------------    -------------------
    SLICE_X5Y146         FDSE                         0.000     0.000 r  bird_y_reg[7]/C
    SLICE_X5Y146         FDSE (Prop_fdse_C_Q)         0.319     0.319 r  bird_y_reg[7]/Q
                         net (fo=26, routed)          1.046     1.365    vga_ctrl/bird_y[7]
    SLICE_X4Y150         LUT4 (Prop_lut4_I0_O)        0.223     1.588 r  vga_ctrl/VGA_R_OBUF[3]_inst_i_46/O
                         net (fo=9, routed)           0.852     2.440    vga_ctrl/bird_y_reg[7]
    SLICE_X1Y153         LUT6 (Prop_lut6_I2_O)        0.239     2.679 r  vga_ctrl/VGA_R_OBUF[0]_inst_i_15/O
                         net (fo=1, routed)           0.367     3.046    vga_ctrl/VGA_R_OBUF[0]_inst_i_15_n_0
    SLICE_X2Y153         CARRY4 (Prop_carry4_DI[0]_CO[1])
                                                      0.363     3.409 f  vga_ctrl/VGA_R_OBUF[0]_inst_i_9/CO[1]
                         net (fo=2, routed)           0.630     4.040    vga_ctrl/eye11
    SLICE_X4Y154         LUT6 (Prop_lut6_I4_O)        0.251     4.291 r  vga_ctrl/VGA_G_OBUF[3]_inst_i_4/O
                         net (fo=1, routed)           0.494     4.785    vga_ctrl/VGA_G_OBUF[3]_inst_i_4_n_0
    SLICE_X4Y154         LUT5 (Prop_lut5_I3_O)        0.097     4.882 r  vga_ctrl/VGA_G_OBUF[3]_inst_i_1/O
                         net (fo=5, routed)           0.837     5.719    vga_ctrl/VGA_G_OBUF[3]
    SLICE_X7Y152         LUT3 (Prop_lut3_I0_O)        0.097     5.816 r  vga_ctrl/VGA_G_OBUF[0]_inst_i_1/O
                         net (fo=1, routed)           2.668     8.484    VGA_G_OBUF[0]
    C6                   OBUF (Prop_obuf_I_O)         3.311    11.794 r  VGA_G_OBUF[0]_inst/O
                         net (fo=0)                   0.000    11.794    VGA_G[0]
    C6                                                                r  VGA_G[0] (OUT)
  -------------------------------------------------------------------    -------------------

Slack:                    inf
  Source:                 bird_y_reg[7]/C
                            (rising edge-triggered cell FDSE)
  Destination:            VGA_R[0]
                            (output port)
  Path Group:             (none)
  Path Type:              Max at Slow Process Corner
  Data Path Delay:        11.223ns  (logic 4.743ns (42.264%)  route 6.480ns (57.736%))
  Logic Levels:           8  (CARRY4=1 FDSE=1 LUT4=1 LUT5=2 LUT6=2 OBUF=1)

    Location             Delay type                Incr(ns)  Path(ns)    Netlist Resource(s)
  -------------------------------------------------------------------    -------------------
    SLICE_X5Y146         FDSE                         0.000     0.000 r  bird_y_reg[7]/C
    SLICE_X5Y146         FDSE (Prop_fdse_C_Q)         0.319     0.319 r  bird_y_reg[7]/Q
                         net (fo=26, routed)          1.046     1.365    vga_ctrl/bird_y[7]
    SLICE_X4Y150         LUT4 (Prop_lut4_I0_O)        0.223     1.588 r  vga_ctrl/VGA_R_OBUF[3]_inst_i_46/O
                         net (fo=9, routed)           0.442     2.030    vga_ctrl/bird_y_reg[7]
    SLICE_X0Y151         LUT6 (Prop_lut6_I2_O)        0.239     2.269 r  vga_ctrl/VGA_G_OBUF[3]_inst_i_10/O
                         net (fo=1, routed)           0.481     2.750    vga_ctrl/VGA_G_OBUF[3]_inst_i_10_n_0
    SLICE_X1Y151         CARRY4 (Prop_carry4_DI[0]_CO[1])
                                                      0.343     3.093 f  vga_ctrl/VGA_G_OBUF[3]_inst_i_7/CO[1]
                         net (fo=1, routed)           0.566     3.659    vga_ctrl/mouth1
    SLICE_X5Y153         LUT6 (Prop_lut6_I2_O)        0.249     3.908 f  vga_ctrl/VGA_G_OBUF[3]_inst_i_2/O
                         net (fo=2, routed)           0.409     4.318    vga_ctrl/VGA_G_OBUF[3]_inst_i_2_n_0
    SLICE_X4Y154         LUT5 (Prop_lut5_I0_O)        0.097     4.415 f  vga_ctrl/VGA_R_OBUF[0]_inst_i_4/O
                         net (fo=1, routed)           0.526     4.940    vga_ctrl/VGA_R_OBUF[0]_inst_i_4_n_0
    SLICE_X6Y152         LUT5 (Prop_lut5_I3_O)        0.097     5.037 r  vga_ctrl/VGA_R_OBUF[0]_inst_i_1/O
                         net (fo=1, routed)           3.009     8.047    VGA_R_OBUF[0]
    A3                   OBUF (Prop_obuf_I_O)         3.176    11.223 r  VGA_R_OBUF[0]_inst/O
                         net (fo=0)                   0.000    11.223    VGA_R[0]
    A3                                                                r  VGA_R[0] (OUT)
  -------------------------------------------------------------------    -------------------

Slack:                    inf
  Source:                 gap_y_reg[5]/C
                            (rising edge-triggered cell FDSE)
  Destination:            VGA_B[2]
                            (output port)
  Path Group:             (none)
  Path Type:              Max at Slow Process Corner
  Data Path Delay:        11.201ns  (logic 4.939ns (44.091%)  route 6.263ns (55.909%))
  Logic Levels:           8  (CARRY4=2 FDSE=1 LUT3=1 LUT4=2 LUT5=1 OBUF=1)

    Location             Delay type                Incr(ns)  Path(ns)    Netlist Resource(s)
  -------------------------------------------------------------------    -------------------
    SLICE_X7Y147         FDSE                         0.000     0.000 r  gap_y_reg[5]/C
    SLICE_X7Y147         FDSE (Prop_fdse_C_Q)         0.319     0.319 r  gap_y_reg[5]/Q
                         net (fo=12, routed)          0.738     1.057    vga_ctrl/Q[5]
    SLICE_X5Y146         LUT4 (Prop_lut4_I3_O)        0.225     1.282 r  vga_ctrl/VGA_G_OBUF[2]_inst_i_50/O
                         net (fo=4, routed)           0.743     2.025    vga_ctrl/gap_y_reg[6]
    SLICE_X5Y147         LUT4 (Prop_lut4_I2_O)        0.247     2.272 r  vga_ctrl/VGA_G_OBUF[2]_inst_i_30/O
                         net (fo=1, routed)           0.000     2.272    vga_ctrl/VGA_G_OBUF[2]_inst_i_30_n_0
    SLICE_X5Y147         CARRY4 (Prop_carry4_S[3]_CO[3])
                                                      0.299     2.571 r  vga_ctrl/VGA_G_OBUF[2]_inst_i_9/CO[3]
                         net (fo=1, routed)           0.000     2.571    vga_ctrl/VGA_G_OBUF[2]_inst_i_9_n_0
    SLICE_X5Y148         CARRY4 (Prop_carry4_CI_CO[0])
                                                      0.187     2.758 f  vga_ctrl/VGA_G_OBUF[2]_inst_i_3/CO[0]
                         net (fo=4, routed)           0.814     3.572    vga_ctrl/is_pipe1
    SLICE_X6Y152         LUT5 (Prop_lut5_I3_O)        0.282     3.854 f  vga_ctrl/VGA_G_OBUF[1]_inst_i_2/O
                         net (fo=3, routed)           0.456     4.311    vga_ctrl/VGA_G_OBUF[1]_inst_i_2_n_0
    SLICE_X7Y152         LUT3 (Prop_lut3_I1_O)        0.234     4.545 r  vga_ctrl/VGA_B_OBUF[3]_inst_i_1/O
                         net (fo=3, routed)           3.511     8.056    VGA_B_OBUF[1]
    D7                   OBUF (Prop_obuf_I_O)         3.146    11.201 r  VGA_B_OBUF[2]_inst/O
                         net (fo=0)                   0.000    11.201    VGA_B[2]
    D7                                                                r  VGA_B[2] (OUT)
  -------------------------------------------------------------------    -------------------

Slack:                    inf
  Source:                 gap_y_reg[5]/C
                            (rising edge-triggered cell FDSE)
  Destination:            VGA_B[1]
                            (output port)
  Path Group:             (none)
  Path Type:              Max at Slow Process Corner
  Data Path Delay:        11.014ns  (logic 4.967ns (45.092%)  route 6.048ns (54.908%))
  Logic Levels:           8  (CARRY4=2 FDSE=1 LUT3=1 LUT4=2 LUT5=1 OBUF=1)

    Location             Delay type                Incr(ns)  Path(ns)    Netlist Resource(s)
  -------------------------------------------------------------------    -------------------
    SLICE_X7Y147         FDSE                         0.000     0.000 r  gap_y_reg[5]/C
    SLICE_X7Y147         FDSE (Prop_fdse_C_Q)         0.319     0.319 r  gap_y_reg[5]/Q
                         net (fo=12, routed)          0.738     1.057    vga_ctrl/Q[5]
    SLICE_X5Y146         LUT4 (Prop_lut4_I3_O)        0.225     1.282 r  vga_ctrl/VGA_G_OBUF[2]_inst_i_50/O
                         net (fo=4, routed)           0.743     2.025    vga_ctrl/gap_y_reg[6]
    SLICE_X5Y147         LUT4 (Prop_lut4_I2_O)        0.247     2.272 r  vga_ctrl/VGA_G_OBUF[2]_inst_i_30/O
                         net (fo=1, routed)           0.000     2.272    vga_ctrl/VGA_G_OBUF[2]_inst_i_30_n_0
    SLICE_X5Y147         CARRY4 (Prop_carry4_S[3]_CO[3])
                                                      0.299     2.571 r  vga_ctrl/VGA_G_OBUF[2]_inst_i_9/CO[3]
                         net (fo=1, routed)           0.000     2.571    vga_ctrl/VGA_G_OBUF[2]_inst_i_9_n_0
    SLICE_X5Y148         CARRY4 (Prop_carry4_CI_CO[0])
                                                      0.187     2.758 f  vga_ctrl/VGA_G_OBUF[2]_inst_i_3/CO[0]
                         net (fo=4, routed)           0.814     3.572    vga_ctrl/is_pipe1
    SLICE_X6Y152         LUT5 (Prop_lut5_I3_O)        0.282     3.854 f  vga_ctrl/VGA_G_OBUF[1]_inst_i_2/O
                         net (fo=3, routed)           0.456     4.311    vga_ctrl/VGA_G_OBUF[1]_inst_i_2_n_0
    SLICE_X7Y152         LUT3 (Prop_lut3_I1_O)        0.234     4.545 r  vga_ctrl/VGA_B_OBUF[3]_inst_i_1/O
                         net (fo=3, routed)           3.296     7.841    VGA_B_OBUF[1]
    C7                   OBUF (Prop_obuf_I_O)         3.174    11.014 r  VGA_B_OBUF[1]_inst/O
                         net (fo=0)                   0.000    11.014    VGA_B[1]
    C7                                                                r  VGA_B[1] (OUT)
  -------------------------------------------------------------------    -------------------

Slack:                    inf
  Source:                 gap_y_reg[5]/C
                            (rising edge-triggered cell FDSE)
  Destination:            VGA_B[3]
                            (output port)
  Path Group:             (none)
  Path Type:              Max at Slow Process Corner
  Data Path Delay:        10.910ns  (logic 4.967ns (45.525%)  route 5.943ns (54.475%))
  Logic Levels:           8  (CARRY4=2 FDSE=1 LUT3=1 LUT4=2 LUT5=1 OBUF=1)

    Location             Delay type                Incr(ns)  Path(ns)    Netlist Resource(s)
  -------------------------------------------------------------------    -------------------
    SLICE_X7Y147         FDSE                         0.000     0.000 r  gap_y_reg[5]/C
    SLICE_X7Y147         FDSE (Prop_fdse_C_Q)         0.319     0.319 r  gap_y_reg[5]/Q
                         net (fo=12, routed)          0.738     1.057    vga_ctrl/Q[5]
    SLICE_X5Y146         LUT4 (Prop_lut4_I3_O)        0.225     1.282 r  vga_ctrl/VGA_G_OBUF[2]_inst_i_50/O
                         net (fo=4, routed)           0.743     2.025    vga_ctrl/gap_y_reg[6]
    SLICE_X5Y147         LUT4 (Prop_lut4_I2_O)        0.247     2.272 r  vga_ctrl/VGA_G_OBUF[2]_inst_i_30/O
                         net (fo=1, routed)           0.000     2.272    vga_ctrl/VGA_G_OBUF[2]_inst_i_30_n_0
    SLICE_X5Y147         CARRY4 (Prop_carry4_S[3]_CO[3])
                                                      0.299     2.571 r  vga_ctrl/VGA_G_OBUF[2]_inst_i_9/CO[3]
                         net (fo=1, routed)           0.000     2.571    vga_ctrl/VGA_G_OBUF[2]_inst_i_9_n_0
    SLICE_X5Y148         CARRY4 (Prop_carry4_CI_CO[0])
                                                      0.187     2.758 f  vga_ctrl/VGA_G_OBUF[2]_inst_i_3/CO[0]
                         net (fo=4, routed)           0.814     3.572    vga_ctrl/is_pipe1
    SLICE_X6Y152         LUT5 (Prop_lut5_I3_O)        0.282     3.854 f  vga_ctrl/VGA_G_OBUF[1]_inst_i_2/O
                         net (fo=3, routed)           0.456     4.311    vga_ctrl/VGA_G_OBUF[1]_inst_i_2_n_0
    SLICE_X7Y152         LUT3 (Prop_lut3_I1_O)        0.234     4.545 r  vga_ctrl/VGA_B_OBUF[3]_inst_i_1/O
                         net (fo=3, routed)           3.192     7.736    VGA_B_OBUF[1]
    D8                   OBUF (Prop_obuf_I_O)         3.174    10.910 r  VGA_B_OBUF[3]_inst/O
                         net (fo=0)                   0.000    10.910    VGA_B[3]
    D8                                                                r  VGA_B[3] (OUT)
  -------------------------------------------------------------------    -------------------





Min Delay Paths
--------------------------------------------------------------------------------------
Slack:                    inf
  Source:                 score_tens_reg[2]/C
                            (rising edge-triggered cell FDRE)
  Destination:            hi_tens_reg[2]/D
  Path Group:             (none)
  Path Type:              Min at Fast Process Corner
  Data Path Delay:        0.212ns  (logic 0.133ns (62.743%)  route 0.079ns (37.257%))
  Logic Levels:           1  (FDRE=1)

    Location             Delay type                Incr(ns)  Path(ns)    Netlist Resource(s)
  -------------------------------------------------------------------    -------------------
    SLICE_X11Y147        FDRE                         0.000     0.000 r  score_tens_reg[2]/C
    SLICE_X11Y147        FDRE (Prop_fdre_C_Q)         0.133     0.133 r  score_tens_reg[2]/Q
                         net (fo=8, routed)           0.079     0.212    score_tens_reg_n_0_[2]
    SLICE_X10Y147        FDRE                                         r  hi_tens_reg[2]/D
  -------------------------------------------------------------------    -------------------

Slack:                    inf
  Source:                 score_tens_reg[3]/C
                            (rising edge-triggered cell FDRE)
  Destination:            hi_tens_reg[3]/D
  Path Group:             (none)
  Path Type:              Min at Fast Process Corner
  Data Path Delay:        0.223ns  (logic 0.133ns (59.550%)  route 0.090ns (40.450%))
  Logic Levels:           1  (FDRE=1)

    Location             Delay type                Incr(ns)  Path(ns)    Netlist Resource(s)
  -------------------------------------------------------------------    -------------------
    SLICE_X11Y147        FDRE                         0.000     0.000 r  score_tens_reg[3]/C
    SLICE_X11Y147        FDRE (Prop_fdre_C_Q)         0.133     0.133 r  score_tens_reg[3]/Q
                         net (fo=7, routed)           0.090     0.223    score_tens_reg_n_0_[3]
    SLICE_X10Y147        FDRE                                         r  hi_tens_reg[3]/D
  -------------------------------------------------------------------    -------------------

Slack:                    inf
  Source:                 lfsr_reg[2]/C
                            (rising edge-triggered cell FDRE)
  Destination:            lfsr_reg[3]/D
  Path Group:             (none)
  Path Type:              Min at Fast Process Corner
  Data Path Delay:        0.224ns  (logic 0.148ns (66.062%)  route 0.076ns (33.938%))
  Logic Levels:           1  (FDRE=1)

    Location             Delay type                Incr(ns)  Path(ns)    Netlist Resource(s)
  -------------------------------------------------------------------    -------------------
    SLICE_X6Y146         FDRE                         0.000     0.000 r  lfsr_reg[2]/C
    SLICE_X6Y146         FDRE (Prop_fdre_C_Q)         0.148     0.148 r  lfsr_reg[2]/Q
                         net (fo=7, routed)           0.076     0.224    lfsr[2]
    SLICE_X6Y146         FDRE                                         r  lfsr_reg[3]/D
  -------------------------------------------------------------------    -------------------

Slack:                    inf
  Source:                 score_hundreds_reg[1]/C
                            (rising edge-triggered cell FDRE)
  Destination:            hi_hundreds_reg[1]/D
  Path Group:             (none)
  Path Type:              Min at Fast Process Corner
  Data Path Delay:        0.266ns  (logic 0.133ns (49.976%)  route 0.133ns (50.024%))
  Logic Levels:           1  (FDRE=1)

    Location             Delay type                Incr(ns)  Path(ns)    Netlist Resource(s)
  -------------------------------------------------------------------    -------------------
    SLICE_X11Y146        FDRE                         0.000     0.000 r  score_hundreds_reg[1]/C
    SLICE_X11Y146        FDRE (Prop_fdre_C_Q)         0.133     0.133 r  score_hundreds_reg[1]/Q
                         net (fo=7, routed)           0.133     0.266    score_hundreds_reg[1]
    SLICE_X11Y148        FDRE                                         r  hi_hundreds_reg[1]/D
  -------------------------------------------------------------------    -------------------

Slack:                    inf
  Source:                 score_hundreds_reg[3]/C
                            (rising edge-triggered cell FDRE)
  Destination:            hi_hundreds_reg[3]/D
  Path Group:             (none)
  Path Type:              Min at Fast Process Corner
  Data Path Delay:        0.281ns  (logic 0.133ns (47.359%)  route 0.148ns (52.641%))
  Logic Levels:           1  (FDRE=1)

    Location             Delay type                Incr(ns)  Path(ns)    Netlist Resource(s)
  -------------------------------------------------------------------    -------------------
    SLICE_X11Y146        FDRE                         0.000     0.000 r  score_hundreds_reg[3]/C
    SLICE_X11Y146        FDRE (Prop_fdre_C_Q)         0.133     0.133 r  score_hundreds_reg[3]/Q
                         net (fo=5, routed)           0.148     0.281    score_hundreds_reg[3]
    SLICE_X10Y146        FDRE                                         r  hi_hundreds_reg[3]/D
  -------------------------------------------------------------------    -------------------

Slack:                    inf
  Source:                 score_ones_reg[2]/C
                            (rising edge-triggered cell FDRE)
  Destination:            hi_ones_reg[2]/D
  Path Group:             (none)
  Path Type:              Min at Fast Process Corner
  Data Path Delay:        0.292ns  (logic 0.151ns (51.731%)  route 0.141ns (48.269%))
  Logic Levels:           1  (FDRE=1)

    Location             Delay type                Incr(ns)  Path(ns)    Netlist Resource(s)
  -------------------------------------------------------------------    -------------------
    SLICE_X10Y149        FDRE                         0.000     0.000 r  score_ones_reg[2]/C
    SLICE_X10Y149        FDRE (Prop_fdre_C_Q)         0.151     0.151 r  score_ones_reg[2]/Q
                         net (fo=8, routed)           0.141     0.292    score_ones_reg_n_0_[2]
    SLICE_X11Y148        FDRE                                         r  hi_ones_reg[2]/D
  -------------------------------------------------------------------    -------------------

Slack:                    inf
  Source:                 lfsr_reg[5]/C
                            (rising edge-triggered cell FDRE)
  Destination:            lfsr_reg[6]/D
  Path Group:             (none)
  Path Type:              Min at Fast Process Corner
  Data Path Delay:        0.296ns  (logic 0.164ns (55.487%)  route 0.132ns (44.513%))
  Logic Levels:           1  (FDRE=1)

    Location             Delay type                Incr(ns)  Path(ns)    Netlist Resource(s)
  -------------------------------------------------------------------    -------------------
    SLICE_X6Y147         FDRE                         0.000     0.000 r  lfsr_reg[5]/C
    SLICE_X6Y147         FDRE (Prop_fdre_C_Q)         0.164     0.164 r  lfsr_reg[5]/Q
                         net (fo=5, routed)           0.132     0.296    lfsr[5]
    SLICE_X6Y146         FDRE                                         r  lfsr_reg[6]/D
  -------------------------------------------------------------------    -------------------

Slack:                    inf
  Source:                 lfsr_reg[6]/C
                            (rising edge-triggered cell FDRE)
  Destination:            lfsr_reg[7]/D
  Path Group:             (none)
  Path Type:              Min at Fast Process Corner
  Data Path Delay:        0.296ns  (logic 0.164ns (55.338%)  route 0.132ns (44.662%))
  Logic Levels:           1  (FDRE=1)

    Location             Delay type                Incr(ns)  Path(ns)    Netlist Resource(s)
  -------------------------------------------------------------------    -------------------
    SLICE_X6Y146         FDRE                         0.000     0.000 r  lfsr_reg[6]/C
    SLICE_X6Y146         FDRE (Prop_fdre_C_Q)         0.164     0.164 r  lfsr_reg[6]/Q
                         net (fo=3, routed)           0.132     0.296    lfsr[6]
    SLICE_X6Y146         FDRE                                         r  lfsr_reg[7]/D
  -------------------------------------------------------------------    -------------------

Slack:                    inf
  Source:                 btn_prev_reg/C
                            (rising edge-triggered cell FDRE)
  Destination:            game_state_reg/D
  Path Group:             (none)
  Path Type:              Min at Fast Process Corner
  Data Path Delay:        0.298ns  (logic 0.191ns (64.137%)  route 0.107ns (35.863%))
  Logic Levels:           2  (FDRE=1 LUT6=1)

    Location             Delay type                Incr(ns)  Path(ns)    Netlist Resource(s)
  -------------------------------------------------------------------    -------------------
    SLICE_X1Y146         FDRE                         0.000     0.000 r  btn_prev_reg/C
    SLICE_X1Y146         FDRE (Prop_fdre_C_Q)         0.146     0.146 f  btn_prev_reg/Q
                         net (fo=8, routed)           0.107     0.253    btn_prev
    SLICE_X0Y146         LUT6 (Prop_lut6_I1_O)        0.045     0.298 r  game_state_i_1/O
                         net (fo=1, routed)           0.000     0.298    game_state_i_1_n_0
    SLICE_X0Y146         FDRE                                         r  game_state_reg/D
  -------------------------------------------------------------------    -------------------

Slack:                    inf
  Source:                 lfsr_reg[4]/C
                            (rising edge-triggered cell FDRE)
  Destination:            lfsr_reg[5]/D
  Path Group:             (none)
  Path Type:              Min at Fast Process Corner
  Data Path Delay:        0.298ns  (logic 0.164ns (54.948%)  route 0.134ns (45.052%))
  Logic Levels:           1  (FDRE=1)

    Location             Delay type                Incr(ns)  Path(ns)    Netlist Resource(s)
  -------------------------------------------------------------------    -------------------
    SLICE_X6Y146         FDRE                         0.000     0.000 r  lfsr_reg[4]/C
    SLICE_X6Y146         FDRE (Prop_fdre_C_Q)         0.164     0.164 r  lfsr_reg[4]/Q
                         net (fo=6, routed)           0.134     0.298    lfsr[4]
    SLICE_X6Y147         FDRE                                         r  lfsr_reg[5]/D
  -------------------------------------------------------------------    -------------------





--------------------------------------------------------------------------------------
Path Group:  (none)
From Clock:  sys_clk_pin
  To Clock:  

Max Delay            16 Endpoints
Min Delay            16 Endpoints
--------------------------------------------------------------------------------------


Max Delay Paths
--------------------------------------------------------------------------------------
Slack:                    inf
  Source:                 display/refresh_counter_reg[17]/C
                            (rising edge-triggered cell FDRE clocked by sys_clk_pin  {rise@0.000ns fall@5.000ns period=10.000ns})
  Destination:            seg[6]
                            (output port)
  Path Group:             (none)
  Path Type:              Max at Slow Process Corner
  Data Path Delay:        10.043ns  (logic 4.031ns (40.138%)  route 6.012ns (59.862%))
  Logic Levels:           4  (LUT5=1 LUT6=1 MUXF7=1 OBUF=1)
  Clock Uncertainty:      0.025ns  ((TSJ^2 + TIJ^2)^1/2 + DJ) / 2 + PE
    Total System Jitter     (TSJ):    0.050ns
    Total Input Jitter      (TIJ):    0.000ns
    Discrete Jitter          (DJ):    0.000ns
    Phase Error              (PE):    0.000ns

    Location             Delay type                Incr(ns)  Path(ns)    Netlist Resource(s)
  -------------------------------------------------------------------    -------------------
                         (clock sys_clk_pin rise edge)
                                                      0.000     0.000 r  
    E3                                                0.000     0.000 r  clk_100MHz (IN)
                         net (fo=0)                   0.000     0.000    clk_100MHz
    E3                   IBUF (Prop_ibuf_I_O)         1.330     1.330 r  clk_100MHz_IBUF_inst/O
                         net (fo=1, routed)           1.525     2.855    clk_100MHz_IBUF
    BUFGCTRL_X0Y16       BUFG (Prop_bufg_I_O)         0.076     2.931 r  clk_100MHz_IBUF_BUFG_inst/O
                         net (fo=71, routed)          1.239     4.170    display/CLK
    SLICE_X10Y145        FDRE                                         r  display/refresh_counter_reg[17]/C
  -------------------------------------------------------------------    -------------------
    SLICE_X10Y145        FDRE (Prop_fdre_C_Q)         0.393     4.563 r  display/refresh_counter_reg[17]/Q
                         net (fo=17, routed)          0.925     5.488    display/sel0[0]
    SLICE_X11Y148        LUT5 (Prop_lut5_I4_O)        0.097     5.585 r  display/seg_OBUF[6]_inst_i_11/O
                         net (fo=1, routed)           0.000     5.585    display/seg_OBUF[6]_inst_i_11_n_0
    SLICE_X11Y148        MUXF7 (Prop_muxf7_I1_O)      0.167     5.752 r  display/seg_OBUF[6]_inst_i_7/O
                         net (fo=7, routed)           1.106     6.858    display/seg_OBUF[6]_inst_i_7_n_0
    SLICE_X12Y144        LUT6 (Prop_lut6_I5_O)        0.229     7.087 r  display/seg_OBUF[6]_inst_i_1/O
                         net (fo=1, routed)           3.981    11.068    seg_OBUF[6]
    L6                   OBUF (Prop_obuf_I_O)         3.145    14.213 r  seg_OBUF[6]_inst/O
                         net (fo=0)                   0.000    14.213    seg[6]
    L6                                                                r  seg[6] (OUT)
  -------------------------------------------------------------------    -------------------

Slack:                    inf
  Source:                 display/refresh_counter_reg[17]/C
                            (rising edge-triggered cell FDRE clocked by sys_clk_pin  {rise@0.000ns fall@5.000ns period=10.000ns})
  Destination:            seg[5]
                            (output port)
  Path Group:             (none)
  Path Type:              Max at Slow Process Corner
  Data Path Delay:        10.005ns  (logic 4.040ns (40.380%)  route 5.965ns (59.620%))
  Logic Levels:           4  (LUT5=1 LUT6=1 MUXF7=1 OBUF=1)
  Clock Uncertainty:      0.025ns  ((TSJ^2 + TIJ^2)^1/2 + DJ) / 2 + PE
    Total System Jitter     (TSJ):    0.050ns
    Total Input Jitter      (TIJ):    0.000ns
    Discrete Jitter          (DJ):    0.000ns
    Phase Error              (PE):    0.000ns

    Location             Delay type                Incr(ns)  Path(ns)    Netlist Resource(s)
  -------------------------------------------------------------------    -------------------
                         (clock sys_clk_pin rise edge)
                                                      0.000     0.000 r  
    E3                                                0.000     0.000 r  clk_100MHz (IN)
                         net (fo=0)                   0.000     0.000    clk_100MHz
    E3                   IBUF (Prop_ibuf_I_O)         1.330     1.330 r  clk_100MHz_IBUF_inst/O
                         net (fo=1, routed)           1.525     2.855    clk_100MHz_IBUF
    BUFGCTRL_X0Y16       BUFG (Prop_bufg_I_O)         0.076     2.931 r  clk_100MHz_IBUF_BUFG_inst/O
                         net (fo=71, routed)          1.239     4.170    display/CLK
    SLICE_X10Y145        FDRE                                         r  display/refresh_counter_reg[17]/C
  -------------------------------------------------------------------    -------------------
    SLICE_X10Y145        FDRE (Prop_fdre_C_Q)         0.393     4.563 r  display/refresh_counter_reg[17]/Q
                         net (fo=17, routed)          0.925     5.488    display/sel0[0]
    SLICE_X11Y148        LUT5 (Prop_lut5_I4_O)        0.097     5.585 r  display/seg_OBUF[6]_inst_i_11/O
                         net (fo=1, routed)           0.000     5.585    display/seg_OBUF[6]_inst_i_11_n_0
    SLICE_X11Y148        MUXF7 (Prop_muxf7_I1_O)      0.167     5.752 r  display/seg_OBUF[6]_inst_i_7/O
                         net (fo=7, routed)           1.093     6.845    display/seg_OBUF[6]_inst_i_7_n_0
    SLICE_X12Y144        LUT6 (Prop_lut6_I5_O)        0.229     7.074 r  display/seg_OBUF[5]_inst_i_1/O
                         net (fo=1, routed)           3.947    11.021    seg_OBUF[5]
    M2                   OBUF (Prop_obuf_I_O)         3.154    14.175 r  seg_OBUF[5]_inst/O
                         net (fo=0)                   0.000    14.175    seg[5]
    M2                                                                r  seg[5] (OUT)
  -------------------------------------------------------------------    -------------------

Slack:                    inf
  Source:                 display/refresh_counter_reg[17]/C
                            (rising edge-triggered cell FDRE clocked by sys_clk_pin  {rise@0.000ns fall@5.000ns period=10.000ns})
  Destination:            seg[0]
                            (output port)
  Path Group:             (none)
  Path Type:              Max at Slow Process Corner
  Data Path Delay:        9.749ns  (logic 4.031ns (41.342%)  route 5.719ns (58.658%))
  Logic Levels:           4  (LUT5=1 LUT6=1 MUXF7=1 OBUF=1)
  Clock Uncertainty:      0.025ns  ((TSJ^2 + TIJ^2)^1/2 + DJ) / 2 + PE
    Total System Jitter     (TSJ):    0.050ns
    Total Input Jitter      (TIJ):    0.000ns
    Discrete Jitter          (DJ):    0.000ns
    Phase Error              (PE):    0.000ns

    Location             Delay type                Incr(ns)  Path(ns)    Netlist Resource(s)
  -------------------------------------------------------------------    -------------------
                         (clock sys_clk_pin rise edge)
                                                      0.000     0.000 r  
    E3                                                0.000     0.000 r  clk_100MHz (IN)
                         net (fo=0)                   0.000     0.000    clk_100MHz
    E3                   IBUF (Prop_ibuf_I_O)         1.330     1.330 r  clk_100MHz_IBUF_inst/O
                         net (fo=1, routed)           1.525     2.855    clk_100MHz_IBUF
    BUFGCTRL_X0Y16       BUFG (Prop_bufg_I_O)         0.076     2.931 r  clk_100MHz_IBUF_BUFG_inst/O
                         net (fo=71, routed)          1.239     4.170    display/CLK
    SLICE_X10Y145        FDRE                                         r  display/refresh_counter_reg[17]/C
  -------------------------------------------------------------------    -------------------
    SLICE_X10Y145        FDRE (Prop_fdre_C_Q)         0.393     4.563 r  display/refresh_counter_reg[17]/Q
                         net (fo=17, routed)          0.925     5.488    display/sel0[0]
    SLICE_X11Y148        LUT5 (Prop_lut5_I4_O)        0.097     5.585 r  display/seg_OBUF[6]_inst_i_11/O
                         net (fo=1, routed)           0.000     5.585    display/seg_OBUF[6]_inst_i_11_n_0
    SLICE_X11Y148        MUXF7 (Prop_muxf7_I1_O)      0.167     5.752 r  display/seg_OBUF[6]_inst_i_7/O
                         net (fo=7, routed)           0.960     6.712    display/seg_OBUF[6]_inst_i_7_n_0
    SLICE_X12Y144        LUT6 (Prop_lut6_I3_O)        0.229     6.941 r  display/seg_OBUF[0]_inst_i_1/O
                         net (fo=1, routed)           3.834    10.775    seg_OBUF[0]
    L3                   OBUF (Prop_obuf_I_O)         3.145    13.919 r  seg_OBUF[0]_inst/O
                         net (fo=0)                   0.000    13.919    seg[0]
    L3                                                                r  seg[0] (OUT)
  -------------------------------------------------------------------    -------------------

Slack:                    inf
  Source:                 display/refresh_counter_reg[17]/C
                            (rising edge-triggered cell FDRE clocked by sys_clk_pin  {rise@0.000ns fall@5.000ns period=10.000ns})
  Destination:            seg[1]
                            (output port)
  Path Group:             (none)
  Path Type:              Max at Slow Process Corner
  Data Path Delay:        9.519ns  (logic 4.041ns (42.457%)  route 5.477ns (57.543%))
  Logic Levels:           4  (LUT5=1 LUT6=1 MUXF7=1 OBUF=1)
  Clock Uncertainty:      0.025ns  ((TSJ^2 + TIJ^2)^1/2 + DJ) / 2 + PE
    Total System Jitter     (TSJ):    0.050ns
    Total Input Jitter      (TIJ):    0.000ns
    Discrete Jitter          (DJ):    0.000ns
    Phase Error              (PE):    0.000ns

    Location             Delay type                Incr(ns)  Path(ns)    Netlist Resource(s)
  -------------------------------------------------------------------    -------------------
                         (clock sys_clk_pin rise edge)
                                                      0.000     0.000 r  
    E3                                                0.000     0.000 r  clk_100MHz (IN)
                         net (fo=0)                   0.000     0.000    clk_100MHz
    E3                   IBUF (Prop_ibuf_I_O)         1.330     1.330 r  clk_100MHz_IBUF_inst/O
                         net (fo=1, routed)           1.525     2.855    clk_100MHz_IBUF
    BUFGCTRL_X0Y16       BUFG (Prop_bufg_I_O)         0.076     2.931 r  clk_100MHz_IBUF_BUFG_inst/O
                         net (fo=71, routed)          1.239     4.170    display/CLK
    SLICE_X10Y145        FDRE                                         r  display/refresh_counter_reg[17]/C
  -------------------------------------------------------------------    -------------------
    SLICE_X10Y145        FDRE (Prop_fdre_C_Q)         0.393     4.563 r  display/refresh_counter_reg[17]/Q
                         net (fo=17, routed)          0.925     5.488    display/sel0[0]
    SLICE_X11Y148        LUT5 (Prop_lut5_I4_O)        0.097     5.585 r  display/seg_OBUF[6]_inst_i_11/O
                         net (fo=1, routed)           0.000     5.585    display/seg_OBUF[6]_inst_i_11_n_0
    SLICE_X11Y148        MUXF7 (Prop_muxf7_I1_O)      0.167     5.752 r  display/seg_OBUF[6]_inst_i_7/O
                         net (fo=7, routed)           0.789     6.541    display/seg_OBUF[6]_inst_i_7_n_0
    SLICE_X12Y144        LUT6 (Prop_lut6_I4_O)        0.229     6.770 r  display/seg_OBUF[1]_inst_i_1/O
                         net (fo=1, routed)           3.763    10.533    seg_OBUF[1]
    N1                   OBUF (Prop_obuf_I_O)         3.155    13.689 r  seg_OBUF[1]_inst/O
                         net (fo=0)                   0.000    13.689    seg[1]
    N1                                                                r  seg[1] (OUT)
  -------------------------------------------------------------------    -------------------

Slack:                    inf
  Source:                 display/refresh_counter_reg[17]/C
                            (rising edge-triggered cell FDRE clocked by sys_clk_pin  {rise@0.000ns fall@5.000ns period=10.000ns})
  Destination:            seg[4]
                            (output port)
  Path Group:             (none)
  Path Type:              Max at Slow Process Corner
  Data Path Delay:        9.417ns  (logic 4.031ns (42.809%)  route 5.386ns (57.191%))
  Logic Levels:           4  (LUT5=1 LUT6=1 MUXF7=1 OBUF=1)
  Clock Uncertainty:      0.025ns  ((TSJ^2 + TIJ^2)^1/2 + DJ) / 2 + PE
    Total System Jitter     (TSJ):    0.050ns
    Total Input Jitter      (TIJ):    0.000ns
    Discrete Jitter          (DJ):    0.000ns
    Phase Error              (PE):    0.000ns

    Location             Delay type                Incr(ns)  Path(ns)    Netlist Resource(s)
  -------------------------------------------------------------------    -------------------
                         (clock sys_clk_pin rise edge)
                                                      0.000     0.000 r  
    E3                                                0.000     0.000 r  clk_100MHz (IN)
                         net (fo=0)                   0.000     0.000    clk_100MHz
    E3                   IBUF (Prop_ibuf_I_O)         1.330     1.330 r  clk_100MHz_IBUF_inst/O
                         net (fo=1, routed)           1.525     2.855    clk_100MHz_IBUF
    BUFGCTRL_X0Y16       BUFG (Prop_bufg_I_O)         0.076     2.931 r  clk_100MHz_IBUF_BUFG_inst/O
                         net (fo=71, routed)          1.239     4.170    display/CLK
    SLICE_X10Y145        FDRE                                         r  display/refresh_counter_reg[17]/C
  -------------------------------------------------------------------    -------------------
    SLICE_X10Y145        FDRE (Prop_fdre_C_Q)         0.393     4.563 r  display/refresh_counter_reg[17]/Q
                         net (fo=17, routed)          0.925     5.488    display/sel0[0]
    SLICE_X11Y148        LUT5 (Prop_lut5_I4_O)        0.097     5.585 r  display/seg_OBUF[6]_inst_i_11/O
                         net (fo=1, routed)           0.000     5.585    display/seg_OBUF[6]_inst_i_11_n_0
    SLICE_X11Y148        MUXF7 (Prop_muxf7_I1_O)      0.167     5.752 r  display/seg_OBUF[6]_inst_i_7/O
                         net (fo=7, routed)           0.603     6.355    display/seg_OBUF[6]_inst_i_7_n_0
    SLICE_X12Y145        LUT6 (Prop_lut6_I4_O)        0.229     6.584 r  display/seg_OBUF[4]_inst_i_1/O
                         net (fo=1, routed)           3.858    10.442    seg_OBUF[4]
    K3                   OBUF (Prop_obuf_I_O)         3.145    13.587 r  seg_OBUF[4]_inst/O
                         net (fo=0)                   0.000    13.587    seg[4]
    K3                                                                r  seg[4] (OUT)
  -------------------------------------------------------------------    -------------------

Slack:                    inf
  Source:                 display/refresh_counter_reg[19]/C
                            (rising edge-triggered cell FDRE clocked by sys_clk_pin  {rise@0.000ns fall@5.000ns period=10.000ns})
  Destination:            seg[2]
                            (output port)
  Path Group:             (none)
  Path Type:              Max at Slow Process Corner
  Data Path Delay:        9.415ns  (logic 3.957ns (42.024%)  route 5.458ns (57.976%))
  Logic Levels:           3  (LUT6=1 MUXF7=1 OBUF=1)
  Clock Uncertainty:      0.025ns  ((TSJ^2 + TIJ^2)^1/2 + DJ) / 2 + PE
    Total System Jitter     (TSJ):    0.050ns
    Total Input Jitter      (TIJ):    0.000ns
    Discrete Jitter          (DJ):    0.000ns
    Phase Error              (PE):    0.000ns

    Location             Delay type                Incr(ns)  Path(ns)    Netlist Resource(s)
  -------------------------------------------------------------------    -------------------
                         (clock sys_clk_pin rise edge)
                                                      0.000     0.000 r  
    E3                                                0.000     0.000 r  clk_100MHz (IN)
                         net (fo=0)                   0.000     0.000    clk_100MHz
    E3                   IBUF (Prop_ibuf_I_O)         1.330     1.330 r  clk_100MHz_IBUF_inst/O
                         net (fo=1, routed)           1.525     2.855    clk_100MHz_IBUF
    BUFGCTRL_X0Y16       BUFG (Prop_bufg_I_O)         0.076     2.931 r  clk_100MHz_IBUF_BUFG_inst/O
                         net (fo=71, routed)          1.239     4.170    display/CLK
    SLICE_X10Y145        FDRE                                         r  display/refresh_counter_reg[19]/C
  -------------------------------------------------------------------    -------------------
    SLICE_X10Y145        FDRE (Prop_fdre_C_Q)         0.393     4.563 r  display/refresh_counter_reg[19]/Q
                         net (fo=15, routed)          0.735     5.298    display/sel0[2]
    SLICE_X10Y146        MUXF7 (Prop_muxf7_S_O)       0.216     5.514 f  display/seg_OBUF[6]_inst_i_6/O
                         net (fo=7, routed)           0.752     6.266    display/seg_OBUF[6]_inst_i_6_n_0
    SLICE_X12Y145        LUT6 (Prop_lut6_I5_O)        0.215     6.481 r  display/seg_OBUF[2]_inst_i_1/O
                         net (fo=1, routed)           3.971    10.452    seg_OBUF[2]
    L5                   OBUF (Prop_obuf_I_O)         3.133    13.585 r  seg_OBUF[2]_inst/O
                         net (fo=0)                   0.000    13.585    seg[2]
    L5                                                                r  seg[2] (OUT)
  -------------------------------------------------------------------    -------------------

Slack:                    inf
  Source:                 display/refresh_counter_reg[19]/C
                            (rising edge-triggered cell FDRE clocked by sys_clk_pin  {rise@0.000ns fall@5.000ns period=10.000ns})
  Destination:            seg[3]
                            (output port)
  Path Group:             (none)
  Path Type:              Max at Slow Process Corner
  Data Path Delay:        9.392ns  (logic 3.970ns (42.276%)  route 5.421ns (57.724%))
  Logic Levels:           3  (LUT6=1 MUXF7=1 OBUF=1)
  Clock Uncertainty:      0.025ns  ((TSJ^2 + TIJ^2)^1/2 + DJ) / 2 + PE
    Total System Jitter     (TSJ):    0.050ns
    Total Input Jitter      (TIJ):    0.000ns
    Discrete Jitter          (DJ):    0.000ns
    Phase Error              (PE):    0.000ns

    Location             Delay type                Incr(ns)  Path(ns)    Netlist Resource(s)
  -------------------------------------------------------------------    -------------------
                         (clock sys_clk_pin rise edge)
                                                      0.000     0.000 r  
    E3                                                0.000     0.000 r  clk_100MHz (IN)
                         net (fo=0)                   0.000     0.000    clk_100MHz
    E3                   IBUF (Prop_ibuf_I_O)         1.330     1.330 r  clk_100MHz_IBUF_inst/O
                         net (fo=1, routed)           1.525     2.855    clk_100MHz_IBUF
    BUFGCTRL_X0Y16       BUFG (Prop_bufg_I_O)         0.076     2.931 r  clk_100MHz_IBUF_BUFG_inst/O
                         net (fo=71, routed)          1.239     4.170    display/CLK
    SLICE_X10Y145        FDRE                                         r  display/refresh_counter_reg[19]/C
  -------------------------------------------------------------------    -------------------
    SLICE_X10Y145        FDRE (Prop_fdre_C_Q)         0.393     4.563 r  display/refresh_counter_reg[19]/Q
                         net (fo=15, routed)          0.735     5.298    display/sel0[2]
    SLICE_X10Y146        MUXF7 (Prop_muxf7_S_O)       0.216     5.514 r  display/seg_OBUF[6]_inst_i_6/O
                         net (fo=7, routed)           0.743     6.257    display/seg_OBUF[6]_inst_i_6_n_0
    SLICE_X12Y145        LUT6 (Prop_lut6_I5_O)        0.215     6.472 r  display/seg_OBUF[3]_inst_i_1/O
                         net (fo=1, routed)           3.943    10.415    seg_OBUF[3]
    L4                   OBUF (Prop_obuf_I_O)         3.146    13.561 r  seg_OBUF[3]_inst/O
                         net (fo=0)                   0.000    13.561    seg[3]
    L4                                                                r  seg[3] (OUT)
  -------------------------------------------------------------------    -------------------

Slack:                    inf
  Source:                 display/refresh_counter_reg[18]/C
                            (rising edge-triggered cell FDRE clocked by sys_clk_pin  {rise@0.000ns fall@5.000ns period=10.000ns})
  Destination:            an[0]
                            (output port)
  Path Group:             (none)
  Path Type:              Max at Slow Process Corner
  Data Path Delay:        9.100ns  (logic 3.793ns (41.681%)  route 5.307ns (58.319%))
  Logic Levels:           2  (LUT3=1 OBUF=1)
  Clock Uncertainty:      0.025ns  ((TSJ^2 + TIJ^2)^1/2 + DJ) / 2 + PE
    Total System Jitter     (TSJ):    0.050ns
    Total Input Jitter      (TIJ):    0.000ns
    Discrete Jitter          (DJ):    0.000ns
    Phase Error              (PE):    0.000ns

    Location             Delay type                Incr(ns)  Path(ns)    Netlist Resource(s)
  -------------------------------------------------------------------    -------------------
                         (clock sys_clk_pin rise edge)
                                                      0.000     0.000 r  
    E3                                                0.000     0.000 r  clk_100MHz (IN)
                         net (fo=0)                   0.000     0.000    clk_100MHz
    E3                   IBUF (Prop_ibuf_I_O)         1.330     1.330 r  clk_100MHz_IBUF_inst/O
                         net (fo=1, routed)           1.525     2.855    clk_100MHz_IBUF
    BUFGCTRL_X0Y16       BUFG (Prop_bufg_I_O)         0.076     2.931 r  clk_100MHz_IBUF_BUFG_inst/O
                         net (fo=71, routed)          1.239     4.170    display/CLK
    SLICE_X10Y145        FDRE                                         r  display/refresh_counter_reg[18]/C
  -------------------------------------------------------------------    -------------------
    SLICE_X10Y145        FDRE (Prop_fdre_C_Q)         0.393     4.563 r  display/refresh_counter_reg[18]/Q
                         net (fo=17, routed)          0.802     5.365    display/sel0[1]
    SLICE_X14Y141        LUT3 (Prop_lut3_I1_O)        0.098     5.463 r  display/an_OBUF[0]_inst_i_1/O
                         net (fo=1, routed)           4.505     9.968    an_OBUF[0]
    N6                   OBUF (Prop_obuf_I_O)         3.302    13.270 r  an_OBUF[0]_inst/O
                         net (fo=0)                   0.000    13.270    an[0]
    N6                                                                r  an[0] (OUT)
  -------------------------------------------------------------------    -------------------

Slack:                    inf
  Source:                 display/refresh_counter_reg[17]/C
                            (rising edge-triggered cell FDRE clocked by sys_clk_pin  {rise@0.000ns fall@5.000ns period=10.000ns})
  Destination:            an[1]
                            (output port)
  Path Group:             (none)
  Path Type:              Max at Slow Process Corner
  Data Path Delay:        8.912ns  (logic 3.643ns (40.881%)  route 5.269ns (59.119%))
  Logic Levels:           2  (LUT3=1 OBUF=1)
  Clock Uncertainty:      0.025ns  ((TSJ^2 + TIJ^2)^1/2 + DJ) / 2 + PE
    Total System Jitter     (TSJ):    0.050ns
    Total Input Jitter      (TIJ):    0.000ns
    Discrete Jitter          (DJ):    0.000ns
    Phase Error              (PE):    0.000ns

    Location             Delay type                Incr(ns)  Path(ns)    Netlist Resource(s)
  -------------------------------------------------------------------    -------------------
                         (clock sys_clk_pin rise edge)
                                                      0.000     0.000 r  
    E3                                                0.000     0.000 r  clk_100MHz (IN)
                         net (fo=0)                   0.000     0.000    clk_100MHz
    E3                   IBUF (Prop_ibuf_I_O)         1.330     1.330 r  clk_100MHz_IBUF_inst/O
                         net (fo=1, routed)           1.525     2.855    clk_100MHz_IBUF
    BUFGCTRL_X0Y16       BUFG (Prop_bufg_I_O)         0.076     2.931 r  clk_100MHz_IBUF_BUFG_inst/O
                         net (fo=71, routed)          1.239     4.170    display/CLK
    SLICE_X10Y145        FDRE                                         r  display/refresh_counter_reg[17]/C
  -------------------------------------------------------------------    -------------------
    SLICE_X10Y145        FDRE (Prop_fdre_C_Q)         0.393     4.563 f  display/refresh_counter_reg[17]/Q
                         net (fo=17, routed)          0.656     5.219    display/sel0[0]
    SLICE_X14Y141        LUT3 (Prop_lut3_I1_O)        0.097     5.316 r  display/an_OBUF[1]_inst_i_1/O
                         net (fo=1, routed)           4.613     9.929    an_OBUF[1]
    M6                   OBUF (Prop_obuf_I_O)         3.153    13.082 r  an_OBUF[1]_inst/O
                         net (fo=0)                   0.000    13.082    an[1]
    M6                                                                r  an[1] (OUT)
  -------------------------------------------------------------------    -------------------

Slack:                    inf
  Source:                 display/refresh_counter_reg[17]/C
                            (rising edge-triggered cell FDRE clocked by sys_clk_pin  {rise@0.000ns fall@5.000ns period=10.000ns})
  Destination:            an[5]
                            (output port)
  Path Group:             (none)
  Path Type:              Max at Slow Process Corner
  Data Path Delay:        8.906ns  (logic 3.778ns (42.413%)  route 5.129ns (57.587%))
  Logic Levels:           2  (LUT3=1 OBUF=1)
  Clock Uncertainty:      0.025ns  ((TSJ^2 + TIJ^2)^1/2 + DJ) / 2 + PE
    Total System Jitter     (TSJ):    0.050ns
    Total Input Jitter      (TIJ):    0.000ns
    Discrete Jitter          (DJ):    0.000ns
    Phase Error              (PE):    0.000ns

    Location             Delay type                Incr(ns)  Path(ns)    Netlist Resource(s)
  -------------------------------------------------------------------    -------------------
                         (clock sys_clk_pin rise edge)
                                                      0.000     0.000 r  
    E3                                                0.000     0.000 r  clk_100MHz (IN)
                         net (fo=0)                   0.000     0.000    clk_100MHz
    E3                   IBUF (Prop_ibuf_I_O)         1.330     1.330 r  clk_100MHz_IBUF_inst/O
                         net (fo=1, routed)           1.525     2.855    clk_100MHz_IBUF
    BUFGCTRL_X0Y16       BUFG (Prop_bufg_I_O)         0.076     2.931 r  clk_100MHz_IBUF_BUFG_inst/O
                         net (fo=71, routed)          1.239     4.170    display/CLK
    SLICE_X10Y145        FDRE                                         r  display/refresh_counter_reg[17]/C
  -------------------------------------------------------------------    -------------------
    SLICE_X10Y145        FDRE (Prop_fdre_C_Q)         0.393     4.563 f  display/refresh_counter_reg[17]/Q
                         net (fo=17, routed)          0.789     5.352    display/sel0[0]
    SLICE_X14Y141        LUT3 (Prop_lut3_I1_O)        0.101     5.453 r  display/an_OBUF[5]_inst_i_1/O
                         net (fo=1, routed)           4.340     9.793    an_OBUF[5]
    N4                   OBUF (Prop_obuf_I_O)         3.284    13.076 r  an_OBUF[5]_inst/O
                         net (fo=0)                   0.000    13.076    an[5]
    N4                                                                r  an[5] (OUT)
  -------------------------------------------------------------------    -------------------





Min Delay Paths
--------------------------------------------------------------------------------------
Slack:                    inf
  Source:                 audio_engine/aud_pwm_reg/C
                            (rising edge-triggered cell FDRE clocked by sys_clk_pin  {rise@0.000ns fall@5.000ns period=10.000ns})
  Destination:            AUD_PWM
                            (output port)
  Path Group:             (none)
  Path Type:              Min at Fast Process Corner
  Data Path Delay:        1.689ns  (logic 1.408ns (83.346%)  route 0.281ns (16.654%))
  Logic Levels:           1  (OBUF=1)
  Clock Uncertainty:      0.025ns  ((TSJ^2 + TIJ^2)^1/2 + DJ) / 2 + PE
    Total System Jitter     (TSJ):    0.050ns
    Total Input Jitter      (TIJ):    0.000ns
    Discrete Jitter          (DJ):    0.000ns
    Phase Error              (PE):    0.000ns

    Location             Delay type                Incr(ns)  Path(ns)    Netlist Resource(s)
  -------------------------------------------------------------------    -------------------
                         (clock sys_clk_pin rise edge)
                                                      0.000     0.000 r  
    E3                                                0.000     0.000 r  clk_100MHz (IN)
                         net (fo=0)                   0.000     0.000    clk_100MHz
    E3                   IBUF (Prop_ibuf_I_O)         0.250     0.250 r  clk_100MHz_IBUF_inst/O
                         net (fo=1, routed)           0.644     0.894    clk_100MHz_IBUF
    BUFGCTRL_X0Y16       BUFG (Prop_bufg_I_O)         0.026     0.920 r  clk_100MHz_IBUF_BUFG_inst/O
                         net (fo=71, routed)          0.597     1.516    audio_engine/CLK
    SLICE_X1Y141         FDRE                                         r  audio_engine/aud_pwm_reg/C
  -------------------------------------------------------------------    -------------------
    SLICE_X1Y141         FDRE (Prop_fdre_C_Q)         0.141     1.657 r  audio_engine/aud_pwm_reg/Q
                         net (fo=2, routed)           0.281     1.939    AUD_PWM_OBUF
    A11                  OBUF (Prop_obuf_I_O)         1.267     3.205 r  AUD_PWM_OBUF_inst/O
                         net (fo=0)                   0.000     3.205    AUD_PWM
    A11                                                               r  AUD_PWM (OUT)
  -------------------------------------------------------------------    -------------------

Slack:                    inf
  Source:                 display/refresh_counter_reg[19]/C
                            (rising edge-triggered cell FDRE clocked by sys_clk_pin  {rise@0.000ns fall@5.000ns period=10.000ns})
  Destination:            an[6]
                            (output port)
  Path Group:             (none)
  Path Type:              Min at Fast Process Corner
  Data Path Delay:        3.148ns  (logic 1.450ns (46.053%)  route 1.698ns (53.947%))
  Logic Levels:           2  (LUT3=1 OBUF=1)
  Clock Uncertainty:      0.025ns  ((TSJ^2 + TIJ^2)^1/2 + DJ) / 2 + PE
    Total System Jitter     (TSJ):    0.050ns
    Total Input Jitter      (TIJ):    0.000ns
    Discrete Jitter          (DJ):    0.000ns
    Phase Error              (PE):    0.000ns

    Location             Delay type                Incr(ns)  Path(ns)    Netlist Resource(s)
  -------------------------------------------------------------------    -------------------
                         (clock sys_clk_pin rise edge)
                                                      0.000     0.000 r  
    E3                                                0.000     0.000 r  clk_100MHz (IN)
                         net (fo=0)                   0.000     0.000    clk_100MHz
    E3                   IBUF (Prop_ibuf_I_O)         0.250     0.250 r  clk_100MHz_IBUF_inst/O
                         net (fo=1, routed)           0.644     0.894    clk_100MHz_IBUF
    BUFGCTRL_X0Y16       BUFG (Prop_bufg_I_O)         0.026     0.920 r  clk_100MHz_IBUF_BUFG_inst/O
                         net (fo=71, routed)          0.569     1.488    display/CLK
    SLICE_X10Y145        FDRE                                         r  display/refresh_counter_reg[19]/C
  -------------------------------------------------------------------    -------------------
    SLICE_X10Y145        FDRE (Prop_fdre_C_Q)         0.164     1.652 f  display/refresh_counter_reg[19]/Q
                         net (fo=15, routed)          0.317     1.969    display/sel0[2]
    SLICE_X14Y141        LUT3 (Prop_lut3_I2_O)        0.045     2.014 r  display/an_OBUF[6]_inst_i_1/O
                         net (fo=1, routed)           1.382     3.396    an_OBUF[6]
    L1                   OBUF (Prop_obuf_I_O)         1.241     4.636 r  an_OBUF[6]_inst/O
                         net (fo=0)                   0.000     4.636    an[6]
    L1                                                                r  an[6] (OUT)
  -------------------------------------------------------------------    -------------------

Slack:                    inf
  Source:                 display/refresh_counter_reg[18]/C
                            (rising edge-triggered cell FDRE clocked by sys_clk_pin  {rise@0.000ns fall@5.000ns period=10.000ns})
  Destination:            an[4]
                            (output port)
  Path Group:             (none)
  Path Type:              Min at Fast Process Corner
  Data Path Delay:        3.255ns  (logic 1.454ns (44.668%)  route 1.801ns (55.332%))
  Logic Levels:           2  (LUT3=1 OBUF=1)
  Clock Uncertainty:      0.025ns  ((TSJ^2 + TIJ^2)^1/2 + DJ) / 2 + PE
    Total System Jitter     (TSJ):    0.050ns
    Total Input Jitter      (TIJ):    0.000ns
    Discrete Jitter          (DJ):    0.000ns
    Phase Error              (PE):    0.000ns

    Location             Delay type                Incr(ns)  Path(ns)    Netlist Resource(s)
  -------------------------------------------------------------------    -------------------
                         (clock sys_clk_pin rise edge)
                                                      0.000     0.000 r  
    E3                                                0.000     0.000 r  clk_100MHz (IN)
                         net (fo=0)                   0.000     0.000    clk_100MHz
    E3                   IBUF (Prop_ibuf_I_O)         0.250     0.250 r  clk_100MHz_IBUF_inst/O
                         net (fo=1, routed)           0.644     0.894    clk_100MHz_IBUF
    BUFGCTRL_X0Y16       BUFG (Prop_bufg_I_O)         0.026     0.920 r  clk_100MHz_IBUF_BUFG_inst/O
                         net (fo=71, routed)          0.569     1.488    display/CLK
    SLICE_X10Y145        FDRE                                         r  display/refresh_counter_reg[18]/C
  -------------------------------------------------------------------    -------------------
    SLICE_X10Y145        FDRE (Prop_fdre_C_Q)         0.164     1.652 r  display/refresh_counter_reg[18]/Q
                         net (fo=17, routed)          0.281     1.933    display/sel0[1]
    SLICE_X14Y141        LUT3 (Prop_lut3_I0_O)        0.045     1.978 r  display/an_OBUF[4]_inst_i_1/O
                         net (fo=1, routed)           1.520     3.498    an_OBUF[4]
    N2                   OBUF (Prop_obuf_I_O)         1.245     4.743 r  an_OBUF[4]_inst/O
                         net (fo=0)                   0.000     4.743    an[4]
    N2                                                                r  an[4] (OUT)
  -------------------------------------------------------------------    -------------------

Slack:                    inf
  Source:                 display/refresh_counter_reg[19]/C
                            (rising edge-triggered cell FDRE clocked by sys_clk_pin  {rise@0.000ns fall@5.000ns period=10.000ns})
  Destination:            an[7]
                            (output port)
  Path Group:             (none)
  Path Type:              Min at Fast Process Corner
  Data Path Delay:        3.579ns  (logic 1.519ns (42.440%)  route 2.060ns (57.560%))
  Logic Levels:           2  (LUT3=1 OBUF=1)
  Clock Uncertainty:      0.025ns  ((TSJ^2 + TIJ^2)^1/2 + DJ) / 2 + PE
    Total System Jitter     (TSJ):    0.050ns
    Total Input Jitter      (TIJ):    0.000ns
    Discrete Jitter          (DJ):    0.000ns
    Phase Error              (PE):    0.000ns

    Location             Delay type                Incr(ns)  Path(ns)    Netlist Resource(s)
  -------------------------------------------------------------------    -------------------
                         (clock sys_clk_pin rise edge)
                                                      0.000     0.000 r  
    E3                                                0.000     0.000 r  clk_100MHz (IN)
                         net (fo=0)                   0.000     0.000    clk_100MHz
    E3                   IBUF (Prop_ibuf_I_O)         0.250     0.250 r  clk_100MHz_IBUF_inst/O
                         net (fo=1, routed)           0.644     0.894    clk_100MHz_IBUF
    BUFGCTRL_X0Y16       BUFG (Prop_bufg_I_O)         0.026     0.920 r  clk_100MHz_IBUF_BUFG_inst/O
                         net (fo=71, routed)          0.569     1.488    display/CLK
    SLICE_X10Y145        FDRE                                         r  display/refresh_counter_reg[19]/C
  -------------------------------------------------------------------    -------------------
    SLICE_X10Y145        FDRE (Prop_fdre_C_Q)         0.164     1.652 f  display/refresh_counter_reg[19]/Q
                         net (fo=15, routed)          0.317     1.969    display/sel0[2]
    SLICE_X14Y141        LUT3 (Prop_lut3_I1_O)        0.048     2.017 r  display/an_OBUF[7]_inst_i_1/O
                         net (fo=1, routed)           1.744     3.761    an_OBUF[7]
    M1                   OBUF (Prop_obuf_I_O)         1.307     5.068 r  an_OBUF[7]_inst/O
                         net (fo=0)                   0.000     5.068    an[7]
    M1                                                                r  an[7] (OUT)
  -------------------------------------------------------------------    -------------------

Slack:                    inf
  Source:                 display/refresh_counter_reg[18]/C
                            (rising edge-triggered cell FDRE clocked by sys_clk_pin  {rise@0.000ns fall@5.000ns period=10.000ns})
  Destination:            seg[4]
                            (output port)
  Path Group:             (none)
  Path Type:              Min at Fast Process Corner
  Data Path Delay:        3.686ns  (logic 1.478ns (40.092%)  route 2.208ns (59.908%))
  Logic Levels:           3  (LUT6=2 OBUF=1)
  Clock Uncertainty:      0.025ns  ((TSJ^2 + TIJ^2)^1/2 + DJ) / 2 + PE
    Total System Jitter     (TSJ):    0.050ns
    Total Input Jitter      (TIJ):    0.000ns
    Discrete Jitter          (DJ):    0.000ns
    Phase Error              (PE):    0.000ns

    Location             Delay type                Incr(ns)  Path(ns)    Netlist Resource(s)
  -------------------------------------------------------------------    -------------------
                         (clock sys_clk_pin rise edge)
                                                      0.000     0.000 r  
    E3                                                0.000     0.000 r  clk_100MHz (IN)
                         net (fo=0)                   0.000     0.000    clk_100MHz
    E3                   IBUF (Prop_ibuf_I_O)         0.250     0.250 r  clk_100MHz_IBUF_inst/O
                         net (fo=1, routed)           0.644     0.894    clk_100MHz_IBUF
    BUFGCTRL_X0Y16       BUFG (Prop_bufg_I_O)         0.026     0.920 r  clk_100MHz_IBUF_BUFG_inst/O
                         net (fo=71, routed)          0.569     1.488    display/CLK
    SLICE_X10Y145        FDRE                                         r  display/refresh_counter_reg[18]/C
  -------------------------------------------------------------------    -------------------
    SLICE_X10Y145        FDRE (Prop_fdre_C_Q)         0.164     1.652 r  display/refresh_counter_reg[18]/Q
                         net (fo=17, routed)          0.149     1.802    display/sel0[1]
    SLICE_X11Y146        LUT6 (Prop_lut6_I3_O)        0.045     1.847 r  display/seg_OBUF[6]_inst_i_3/O
                         net (fo=7, routed)           0.184     2.031    display/seg_OBUF[6]_inst_i_3_n_0
    SLICE_X12Y145        LUT6 (Prop_lut6_I1_O)        0.045     2.076 r  display/seg_OBUF[4]_inst_i_1/O
                         net (fo=1, routed)           1.875     3.951    seg_OBUF[4]
    K3                   OBUF (Prop_obuf_I_O)         1.224     5.175 r  seg_OBUF[4]_inst/O
                         net (fo=0)                   0.000     5.175    seg[4]
    K3                                                                r  seg[4] (OUT)
  -------------------------------------------------------------------    -------------------

Slack:                    inf
  Source:                 display/refresh_counter_reg[18]/C
                            (rising edge-triggered cell FDRE clocked by sys_clk_pin  {rise@0.000ns fall@5.000ns period=10.000ns})
  Destination:            an[2]
                            (output port)
  Path Group:             (none)
  Path Type:              Min at Fast Process Corner
  Data Path Delay:        3.724ns  (logic 1.504ns (40.386%)  route 2.220ns (59.614%))
  Logic Levels:           2  (LUT3=1 OBUF=1)
  Clock Uncertainty:      0.025ns  ((TSJ^2 + TIJ^2)^1/2 + DJ) / 2 + PE
    Total System Jitter     (TSJ):    0.050ns
    Total Input Jitter      (TIJ):    0.000ns
    Discrete Jitter          (DJ):    0.000ns
    Phase Error              (PE):    0.000ns

    Location             Delay type                Incr(ns)  Path(ns)    Netlist Resource(s)
  -------------------------------------------------------------------    -------------------
                         (clock sys_clk_pin rise edge)
                                                      0.000     0.000 r  
    E3                                                0.000     0.000 r  clk_100MHz (IN)
                         net (fo=0)                   0.000     0.000    clk_100MHz
    E3                   IBUF (Prop_ibuf_I_O)         0.250     0.250 r  clk_100MHz_IBUF_inst/O
                         net (fo=1, routed)           0.644     0.894    clk_100MHz_IBUF
    BUFGCTRL_X0Y16       BUFG (Prop_bufg_I_O)         0.026     0.920 r  clk_100MHz_IBUF_BUFG_inst/O
                         net (fo=71, routed)          0.569     1.488    display/CLK
    SLICE_X10Y145        FDRE                                         r  display/refresh_counter_reg[18]/C
  -------------------------------------------------------------------    -------------------
    SLICE_X10Y145        FDRE (Prop_fdre_C_Q)         0.164     1.652 f  display/refresh_counter_reg[18]/Q
                         net (fo=17, routed)          0.331     1.983    display/sel0[1]
    SLICE_X14Y141        LUT3 (Prop_lut3_I1_O)        0.046     2.029 r  display/an_OBUF[2]_inst_i_1/O
                         net (fo=1, routed)           1.889     3.918    an_OBUF[2]
    M3                   OBUF (Prop_obuf_I_O)         1.294     5.212 r  an_OBUF[2]_inst/O
                         net (fo=0)                   0.000     5.212    an[2]
    M3                                                                r  an[2] (OUT)
  -------------------------------------------------------------------    -------------------

Slack:                    inf
  Source:                 display/refresh_counter_reg[19]/C
                            (rising edge-triggered cell FDRE clocked by sys_clk_pin  {rise@0.000ns fall@5.000ns period=10.000ns})
  Destination:            an[3]
                            (output port)
  Path Group:             (none)
  Path Type:              Min at Fast Process Corner
  Data Path Delay:        3.810ns  (logic 1.441ns (37.828%)  route 2.369ns (62.172%))
  Logic Levels:           2  (LUT3=1 OBUF=1)
  Clock Uncertainty:      0.025ns  ((TSJ^2 + TIJ^2)^1/2 + DJ) / 2 + PE
    Total System Jitter     (TSJ):    0.050ns
    Total Input Jitter      (TIJ):    0.000ns
    Discrete Jitter          (DJ):    0.000ns
    Phase Error              (PE):    0.000ns

    Location             Delay type                Incr(ns)  Path(ns)    Netlist Resource(s)
  -------------------------------------------------------------------    -------------------
                         (clock sys_clk_pin rise edge)
                                                      0.000     0.000 r  
    E3                                                0.000     0.000 r  clk_100MHz (IN)
                         net (fo=0)                   0.000     0.000    clk_100MHz
    E3                   IBUF (Prop_ibuf_I_O)         0.250     0.250 r  clk_100MHz_IBUF_inst/O
                         net (fo=1, routed)           0.644     0.894    clk_100MHz_IBUF
    BUFGCTRL_X0Y16       BUFG (Prop_bufg_I_O)         0.026     0.920 r  clk_100MHz_IBUF_BUFG_inst/O
                         net (fo=71, routed)          0.569     1.488    display/CLK
    SLICE_X10Y145        FDRE                                         r  display/refresh_counter_reg[19]/C
  -------------------------------------------------------------------    -------------------
    SLICE_X10Y145        FDRE (Prop_fdre_C_Q)         0.164     1.652 r  display/refresh_counter_reg[19]/Q
                         net (fo=15, routed)          0.334     1.986    display/sel0[2]
    SLICE_X14Y141        LUT3 (Prop_lut3_I1_O)        0.045     2.031 r  display/an_OBUF[3]_inst_i_1/O
                         net (fo=1, routed)           2.035     4.066    an_OBUF[3]
    N5                   OBUF (Prop_obuf_I_O)         1.232     5.299 r  an_OBUF[3]_inst/O
                         net (fo=0)                   0.000     5.299    an[3]
    N5                                                                r  an[3] (OUT)
  -------------------------------------------------------------------    -------------------

Slack:                    inf
  Source:                 display/refresh_counter_reg[18]/C
                            (rising edge-triggered cell FDRE clocked by sys_clk_pin  {rise@0.000ns fall@5.000ns period=10.000ns})
  Destination:            seg[1]
                            (output port)
  Path Group:             (none)
  Path Type:              Min at Fast Process Corner
  Data Path Delay:        3.832ns  (logic 1.488ns (38.827%)  route 2.344ns (61.173%))
  Logic Levels:           3  (LUT6=2 OBUF=1)
  Clock Uncertainty:      0.025ns  ((TSJ^2 + TIJ^2)^1/2 + DJ) / 2 + PE
    Total System Jitter     (TSJ):    0.050ns
    Total Input Jitter      (TIJ):    0.000ns
    Discrete Jitter          (DJ):    0.000ns
    Phase Error              (PE):    0.000ns

    Location             Delay type                Incr(ns)  Path(ns)    Netlist Resource(s)
  -------------------------------------------------------------------    -------------------
                         (clock sys_clk_pin rise edge)
                                                      0.000     0.000 r  
    E3                                                0.000     0.000 r  clk_100MHz (IN)
                         net (fo=0)                   0.000     0.000    clk_100MHz
    E3                   IBUF (Prop_ibuf_I_O)         0.250     0.250 r  clk_100MHz_IBUF_inst/O
                         net (fo=1, routed)           0.644     0.894    clk_100MHz_IBUF
    BUFGCTRL_X0Y16       BUFG (Prop_bufg_I_O)         0.026     0.920 r  clk_100MHz_IBUF_BUFG_inst/O
                         net (fo=71, routed)          0.569     1.488    display/CLK
    SLICE_X10Y145        FDRE                                         r  display/refresh_counter_reg[18]/C
  -------------------------------------------------------------------    -------------------
    SLICE_X10Y145        FDRE (Prop_fdre_C_Q)         0.164     1.652 r  display/refresh_counter_reg[18]/Q
                         net (fo=17, routed)          0.152     1.805    display/sel0[1]
    SLICE_X11Y146        LUT6 (Prop_lut6_I5_O)        0.045     1.850 r  display/seg_OBUF[6]_inst_i_4/O
                         net (fo=7, routed)           0.360     2.210    display/seg_OBUF[6]_inst_i_4_n_0
    SLICE_X12Y144        LUT6 (Prop_lut6_I2_O)        0.045     2.255 r  display/seg_OBUF[1]_inst_i_1/O
                         net (fo=1, routed)           1.832     4.087    seg_OBUF[1]
    N1                   OBUF (Prop_obuf_I_O)         1.234     5.321 r  seg_OBUF[1]_inst/O
                         net (fo=0)                   0.000     5.321    seg[1]
    N1                                                                r  seg[1] (OUT)
  -------------------------------------------------------------------    -------------------

Slack:                    inf
  Source:                 display/refresh_counter_reg[18]/C
                            (rising edge-triggered cell FDRE clocked by sys_clk_pin  {rise@0.000ns fall@5.000ns period=10.000ns})
  Destination:            seg[5]
                            (output port)
  Path Group:             (none)
  Path Type:              Min at Fast Process Corner
  Data Path Delay:        3.836ns  (logic 1.487ns (38.753%)  route 2.349ns (61.247%))
  Logic Levels:           3  (LUT6=2 OBUF=1)
  Clock Uncertainty:      0.025ns  ((TSJ^2 + TIJ^2)^1/2 + DJ) / 2 + PE
    Total System Jitter     (TSJ):    0.050ns
    Total Input Jitter      (TIJ):    0.000ns
    Discrete Jitter          (DJ):    0.000ns
    Phase Error              (PE):    0.000ns

    Location             Delay type                Incr(ns)  Path(ns)    Netlist Resource(s)
  -------------------------------------------------------------------    -------------------
                         (clock sys_clk_pin rise edge)
                                                      0.000     0.000 r  
    E3                                                0.000     0.000 r  clk_100MHz (IN)
                         net (fo=0)                   0.000     0.000    clk_100MHz
    E3                   IBUF (Prop_ibuf_I_O)         0.250     0.250 r  clk_100MHz_IBUF_inst/O
                         net (fo=1, routed)           0.644     0.894    clk_100MHz_IBUF
    BUFGCTRL_X0Y16       BUFG (Prop_bufg_I_O)         0.026     0.920 r  clk_100MHz_IBUF_BUFG_inst/O
                         net (fo=71, routed)          0.569     1.488    display/CLK
    SLICE_X10Y145        FDRE                                         r  display/refresh_counter_reg[18]/C
  -------------------------------------------------------------------    -------------------
    SLICE_X10Y145        FDRE (Prop_fdre_C_Q)         0.164     1.652 r  display/refresh_counter_reg[18]/Q
                         net (fo=17, routed)          0.149     1.802    display/sel0[1]
    SLICE_X11Y146        LUT6 (Prop_lut6_I3_O)        0.045     1.847 r  display/seg_OBUF[6]_inst_i_3/O
                         net (fo=7, routed)           0.257     2.104    display/seg_OBUF[6]_inst_i_3_n_0
    SLICE_X12Y144        LUT6 (Prop_lut6_I1_O)        0.045     2.149 r  display/seg_OBUF[5]_inst_i_1/O
                         net (fo=1, routed)           1.943     4.092    seg_OBUF[5]
    M2                   OBUF (Prop_obuf_I_O)         1.233     5.324 r  seg_OBUF[5]_inst/O
                         net (fo=0)                   0.000     5.324    seg[5]
    M2                                                                r  seg[5] (OUT)
  -------------------------------------------------------------------    -------------------

Slack:                    inf
  Source:                 display/refresh_counter_reg[18]/C
                            (rising edge-triggered cell FDRE clocked by sys_clk_pin  {rise@0.000ns fall@5.000ns period=10.000ns})
  Destination:            seg[6]
                            (output port)
  Path Group:             (none)
  Path Type:              Min at Fast Process Corner
  Data Path Delay:        3.847ns  (logic 1.478ns (38.411%)  route 2.370ns (61.589%))
  Logic Levels:           3  (LUT6=2 OBUF=1)
  Clock Uncertainty:      0.025ns  ((TSJ^2 + TIJ^2)^1/2 + DJ) / 2 + PE
    Total System Jitter     (TSJ):    0.050ns
    Total Input Jitter      (TIJ):    0.000ns
    Discrete Jitter          (DJ):    0.000ns
    Phase Error              (PE):    0.000ns

    Location             Delay type                Incr(ns)  Path(ns)    Netlist Resource(s)
  -------------------------------------------------------------------    -------------------
                         (clock sys_clk_pin rise edge)
                                                      0.000     0.000 r  
    E3                                                0.000     0.000 r  clk_100MHz (IN)
                         net (fo=0)                   0.000     0.000    clk_100MHz
    E3                   IBUF (Prop_ibuf_I_O)         0.250     0.250 r  clk_100MHz_IBUF_inst/O
                         net (fo=1, routed)           0.644     0.894    clk_100MHz_IBUF
    BUFGCTRL_X0Y16       BUFG (Prop_bufg_I_O)         0.026     0.920 r  clk_100MHz_IBUF_BUFG_inst/O
                         net (fo=71, routed)          0.569     1.488    display/CLK
    SLICE_X10Y145        FDRE                                         r  display/refresh_counter_reg[18]/C
  -------------------------------------------------------------------    -------------------
    SLICE_X10Y145        FDRE (Prop_fdre_C_Q)         0.164     1.652 r  display/refresh_counter_reg[18]/Q
                         net (fo=17, routed)          0.149     1.802    display/sel0[1]
    SLICE_X11Y146        LUT6 (Prop_lut6_I3_O)        0.045     1.847 r  display/seg_OBUF[6]_inst_i_3/O
                         net (fo=7, routed)           0.255     2.102    display/seg_OBUF[6]_inst_i_3_n_0
    SLICE_X12Y144        LUT6 (Prop_lut6_I1_O)        0.045     2.147 r  display/seg_OBUF[6]_inst_i_1/O
                         net (fo=1, routed)           1.965     4.112    seg_OBUF[6]
    L6                   OBUF (Prop_obuf_I_O)         1.224     5.336 r  seg_OBUF[6]_inst/O
                         net (fo=0)                   0.000     5.336    seg[6]
    L6                                                                r  seg[6] (OUT)
  -------------------------------------------------------------------    -------------------





--------------------------------------------------------------------------------------
Path Group:  (none)
From Clock:  
  To Clock:  sys_clk_pin

Max Delay            85 Endpoints
Min Delay            85 Endpoints
--------------------------------------------------------------------------------------


Max Delay Paths
--------------------------------------------------------------------------------------
Slack:                    inf
  Source:                 play_crash_reg/C
                            (rising edge-triggered cell FDRE)
  Destination:            audio_engine/tone_counter_reg[0]/R
                            (rising edge-triggered cell FDRE clocked by sys_clk_pin  {rise@0.000ns fall@5.000ns period=10.000ns})
  Path Group:             (none)
  Path Type:              Setup (Max at Slow Process Corner)
  Data Path Delay:        2.277ns  (logic 0.461ns (20.247%)  route 1.816ns (79.753%))
  Logic Levels:           2  (FDRE=1 LUT4=1)
  Clock Uncertainty:      0.025ns  ((TSJ^2 + TIJ^2)^1/2 + DJ) / 2 + PE
    Total System Jitter     (TSJ):    0.050ns
    Total Input Jitter      (TIJ):    0.000ns
    Discrete Jitter          (DJ):    0.000ns
    Phase Error              (PE):    0.000ns

    Location             Delay type                Incr(ns)  Path(ns)    Netlist Resource(s)
  -------------------------------------------------------------------    -------------------
    SLICE_X0Y146         FDRE                         0.000     0.000 r  play_crash_reg/C
    SLICE_X0Y146         FDRE (Prop_fdre_C_Q)         0.347     0.347 f  play_crash_reg/Q
                         net (fo=16, routed)          0.912     1.259    audio_engine/duration_counter_reg[24]_0
    SLICE_X2Y139         LUT4 (Prop_lut4_I2_O)        0.114     1.373 r  audio_engine/tone_counter[0]_i_1/O
                         net (fo=20, routed)          0.903     2.277    audio_engine/tone_counter[0]_i_1_n_0
    SLICE_X1Y135         FDRE                                         r  audio_engine/tone_counter_reg[0]/R
  -------------------------------------------------------------------    -------------------

                         (clock sys_clk_pin rise edge)
                                                      0.000     0.000 r  
    E3                                                0.000     0.000 r  clk_100MHz (IN)
                         net (fo=0)                   0.000     0.000    clk_100MHz
    E3                   IBUF (Prop_ibuf_I_O)         1.263     1.263 r  clk_100MHz_IBUF_inst/O
                         net (fo=1, routed)           1.443     2.706    clk_100MHz_IBUF
    BUFGCTRL_X0Y16       BUFG (Prop_bufg_I_O)         0.072     2.778 r  clk_100MHz_IBUF_BUFG_inst/O
                         net (fo=71, routed)          1.194     3.972    audio_engine/CLK
    SLICE_X1Y135         FDRE                                         r  audio_engine/tone_counter_reg[0]/C

Slack:                    inf
  Source:                 play_crash_reg/C
                            (rising edge-triggered cell FDRE)
  Destination:            audio_engine/tone_counter_reg[1]/R
                            (rising edge-triggered cell FDRE clocked by sys_clk_pin  {rise@0.000ns fall@5.000ns period=10.000ns})
  Path Group:             (none)
  Path Type:              Setup (Max at Slow Process Corner)
  Data Path Delay:        2.277ns  (logic 0.461ns (20.247%)  route 1.816ns (79.753%))
  Logic Levels:           2  (FDRE=1 LUT4=1)
  Clock Uncertainty:      0.025ns  ((TSJ^2 + TIJ^2)^1/2 + DJ) / 2 + PE
    Total System Jitter     (TSJ):    0.050ns
    Total Input Jitter      (TIJ):    0.000ns
    Discrete Jitter          (DJ):    0.000ns
    Phase Error              (PE):    0.000ns

    Location             Delay type                Incr(ns)  Path(ns)    Netlist Resource(s)
  -------------------------------------------------------------------    -------------------
    SLICE_X0Y146         FDRE                         0.000     0.000 r  play_crash_reg/C
    SLICE_X0Y146         FDRE (Prop_fdre_C_Q)         0.347     0.347 f  play_crash_reg/Q
                         net (fo=16, routed)          0.912     1.259    audio_engine/duration_counter_reg[24]_0
    SLICE_X2Y139         LUT4 (Prop_lut4_I2_O)        0.114     1.373 r  audio_engine/tone_counter[0]_i_1/O
                         net (fo=20, routed)          0.903     2.277    audio_engine/tone_counter[0]_i_1_n_0
    SLICE_X1Y135         FDRE                                         r  audio_engine/tone_counter_reg[1]/R
  -------------------------------------------------------------------    -------------------

                         (clock sys_clk_pin rise edge)
                                                      0.000     0.000 r  
    E3                                                0.000     0.000 r  clk_100MHz (IN)
                         net (fo=0)                   0.000     0.000    clk_100MHz
    E3                   IBUF (Prop_ibuf_I_O)         1.263     1.263 r  clk_100MHz_IBUF_inst/O
                         net (fo=1, routed)           1.443     2.706    clk_100MHz_IBUF
    BUFGCTRL_X0Y16       BUFG (Prop_bufg_I_O)         0.072     2.778 r  clk_100MHz_IBUF_BUFG_inst/O
                         net (fo=71, routed)          1.194     3.972    audio_engine/CLK
    SLICE_X1Y135         FDRE                                         r  audio_engine/tone_counter_reg[1]/C

Slack:                    inf
  Source:                 play_crash_reg/C
                            (rising edge-triggered cell FDRE)
  Destination:            audio_engine/tone_counter_reg[2]/R
                            (rising edge-triggered cell FDRE clocked by sys_clk_pin  {rise@0.000ns fall@5.000ns period=10.000ns})
  Path Group:             (none)
  Path Type:              Setup (Max at Slow Process Corner)
  Data Path Delay:        2.277ns  (logic 0.461ns (20.247%)  route 1.816ns (79.753%))
  Logic Levels:           2  (FDRE=1 LUT4=1)
  Clock Uncertainty:      0.025ns  ((TSJ^2 + TIJ^2)^1/2 + DJ) / 2 + PE
    Total System Jitter     (TSJ):    0.050ns
    Total Input Jitter      (TIJ):    0.000ns
    Discrete Jitter          (DJ):    0.000ns
    Phase Error              (PE):    0.000ns

    Location             Delay type                Incr(ns)  Path(ns)    Netlist Resource(s)
  -------------------------------------------------------------------    -------------------
    SLICE_X0Y146         FDRE                         0.000     0.000 r  play_crash_reg/C
    SLICE_X0Y146         FDRE (Prop_fdre_C_Q)         0.347     0.347 f  play_crash_reg/Q
                         net (fo=16, routed)          0.912     1.259    audio_engine/duration_counter_reg[24]_0
    SLICE_X2Y139         LUT4 (Prop_lut4_I2_O)        0.114     1.373 r  audio_engine/tone_counter[0]_i_1/O
                         net (fo=20, routed)          0.903     2.277    audio_engine/tone_counter[0]_i_1_n_0
    SLICE_X1Y135         FDRE                                         r  audio_engine/tone_counter_reg[2]/R
  -------------------------------------------------------------------    -------------------

                         (clock sys_clk_pin rise edge)
                                                      0.000     0.000 r  
    E3                                                0.000     0.000 r  clk_100MHz (IN)
                         net (fo=0)                   0.000     0.000    clk_100MHz
    E3                   IBUF (Prop_ibuf_I_O)         1.263     1.263 r  clk_100MHz_IBUF_inst/O
                         net (fo=1, routed)           1.443     2.706    clk_100MHz_IBUF
    BUFGCTRL_X0Y16       BUFG (Prop_bufg_I_O)         0.072     2.778 r  clk_100MHz_IBUF_BUFG_inst/O
                         net (fo=71, routed)          1.194     3.972    audio_engine/CLK
    SLICE_X1Y135         FDRE                                         r  audio_engine/tone_counter_reg[2]/C

Slack:                    inf
  Source:                 play_crash_reg/C
                            (rising edge-triggered cell FDRE)
  Destination:            audio_engine/tone_counter_reg[3]/R
                            (rising edge-triggered cell FDRE clocked by sys_clk_pin  {rise@0.000ns fall@5.000ns period=10.000ns})
  Path Group:             (none)
  Path Type:              Setup (Max at Slow Process Corner)
  Data Path Delay:        2.277ns  (logic 0.461ns (20.247%)  route 1.816ns (79.753%))
  Logic Levels:           2  (FDRE=1 LUT4=1)
  Clock Uncertainty:      0.025ns  ((TSJ^2 + TIJ^2)^1/2 + DJ) / 2 + PE
    Total System Jitter     (TSJ):    0.050ns
    Total Input Jitter      (TIJ):    0.000ns
    Discrete Jitter          (DJ):    0.000ns
    Phase Error              (PE):    0.000ns

    Location             Delay type                Incr(ns)  Path(ns)    Netlist Resource(s)
  -------------------------------------------------------------------    -------------------
    SLICE_X0Y146         FDRE                         0.000     0.000 r  play_crash_reg/C
    SLICE_X0Y146         FDRE (Prop_fdre_C_Q)         0.347     0.347 f  play_crash_reg/Q
                         net (fo=16, routed)          0.912     1.259    audio_engine/duration_counter_reg[24]_0
    SLICE_X2Y139         LUT4 (Prop_lut4_I2_O)        0.114     1.373 r  audio_engine/tone_counter[0]_i_1/O
                         net (fo=20, routed)          0.903     2.277    audio_engine/tone_counter[0]_i_1_n_0
    SLICE_X1Y135         FDRE                                         r  audio_engine/tone_counter_reg[3]/R
  -------------------------------------------------------------------    -------------------

                         (clock sys_clk_pin rise edge)
                                                      0.000     0.000 r  
    E3                                                0.000     0.000 r  clk_100MHz (IN)
                         net (fo=0)                   0.000     0.000    clk_100MHz
    E3                   IBUF (Prop_ibuf_I_O)         1.263     1.263 r  clk_100MHz_IBUF_inst/O
                         net (fo=1, routed)           1.443     2.706    clk_100MHz_IBUF
    BUFGCTRL_X0Y16       BUFG (Prop_bufg_I_O)         0.072     2.778 r  clk_100MHz_IBUF_BUFG_inst/O
                         net (fo=71, routed)          1.194     3.972    audio_engine/CLK
    SLICE_X1Y135         FDRE                                         r  audio_engine/tone_counter_reg[3]/C

Slack:                    inf
  Source:                 play_crash_reg/C
                            (rising edge-triggered cell FDRE)
  Destination:            audio_engine/duration_counter_reg[21]/R
                            (rising edge-triggered cell FDRE clocked by sys_clk_pin  {rise@0.000ns fall@5.000ns period=10.000ns})
  Path Group:             (none)
  Path Type:              Setup (Max at Slow Process Corner)
  Data Path Delay:        2.267ns  (logic 0.444ns (19.586%)  route 1.823ns (80.415%))
  Logic Levels:           2  (FDRE=1 LUT2=1)
  Clock Uncertainty:      0.025ns  ((TSJ^2 + TIJ^2)^1/2 + DJ) / 2 + PE
    Total System Jitter     (TSJ):    0.050ns
    Total Input Jitter      (TIJ):    0.000ns
    Discrete Jitter          (DJ):    0.000ns
    Phase Error              (PE):    0.000ns

    Location             Delay type                Incr(ns)  Path(ns)    Netlist Resource(s)
  -------------------------------------------------------------------    -------------------
    SLICE_X0Y146         FDRE                         0.000     0.000 r  play_crash_reg/C
    SLICE_X0Y146         FDRE (Prop_fdre_C_Q)         0.347     0.347 r  play_crash_reg/Q
                         net (fo=16, routed)          1.116     1.463    audio_engine/duration_counter_reg[24]_0
    SLICE_X2Y139         LUT2 (Prop_lut2_I0_O)        0.097     1.560 r  audio_engine/duration_counter[23]_i_1/O
                         net (fo=17, routed)          0.707     2.267    audio_engine/duration_counter[23]_i_1_n_0
    SLICE_X3Y143         FDRE                                         r  audio_engine/duration_counter_reg[21]/R
  -------------------------------------------------------------------    -------------------

                         (clock sys_clk_pin rise edge)
                                                      0.000     0.000 r  
    E3                                                0.000     0.000 r  clk_100MHz (IN)
                         net (fo=0)                   0.000     0.000    clk_100MHz
    E3                   IBUF (Prop_ibuf_I_O)         1.263     1.263 r  clk_100MHz_IBUF_inst/O
                         net (fo=1, routed)           1.443     2.706    clk_100MHz_IBUF
    BUFGCTRL_X0Y16       BUFG (Prop_bufg_I_O)         0.072     2.778 r  clk_100MHz_IBUF_BUFG_inst/O
                         net (fo=71, routed)          1.199     3.977    audio_engine/CLK
    SLICE_X3Y143         FDRE                                         r  audio_engine/duration_counter_reg[21]/C

Slack:                    inf
  Source:                 play_crash_reg/C
                            (rising edge-triggered cell FDRE)
  Destination:            audio_engine/duration_counter_reg[23]/S
                            (rising edge-triggered cell FDSE clocked by sys_clk_pin  {rise@0.000ns fall@5.000ns period=10.000ns})
  Path Group:             (none)
  Path Type:              Setup (Max at Slow Process Corner)
  Data Path Delay:        2.267ns  (logic 0.444ns (19.586%)  route 1.823ns (80.415%))
  Logic Levels:           2  (FDRE=1 LUT2=1)
  Clock Uncertainty:      0.025ns  ((TSJ^2 + TIJ^2)^1/2 + DJ) / 2 + PE
    Total System Jitter     (TSJ):    0.050ns
    Total Input Jitter      (TIJ):    0.000ns
    Discrete Jitter          (DJ):    0.000ns
    Phase Error              (PE):    0.000ns

    Location             Delay type                Incr(ns)  Path(ns)    Netlist Resource(s)
  -------------------------------------------------------------------    -------------------
    SLICE_X0Y146         FDRE                         0.000     0.000 r  play_crash_reg/C
    SLICE_X0Y146         FDRE (Prop_fdre_C_Q)         0.347     0.347 r  play_crash_reg/Q
                         net (fo=16, routed)          1.116     1.463    audio_engine/duration_counter_reg[24]_0
    SLICE_X2Y139         LUT2 (Prop_lut2_I0_O)        0.097     1.560 r  audio_engine/duration_counter[23]_i_1/O
                         net (fo=17, routed)          0.707     2.267    audio_engine/duration_counter[23]_i_1_n_0
    SLICE_X3Y143         FDSE                                         r  audio_engine/duration_counter_reg[23]/S
  -------------------------------------------------------------------    -------------------

                         (clock sys_clk_pin rise edge)
                                                      0.000     0.000 r  
    E3                                                0.000     0.000 r  clk_100MHz (IN)
                         net (fo=0)                   0.000     0.000    clk_100MHz
    E3                   IBUF (Prop_ibuf_I_O)         1.263     1.263 r  clk_100MHz_IBUF_inst/O
                         net (fo=1, routed)           1.443     2.706    clk_100MHz_IBUF
    BUFGCTRL_X0Y16       BUFG (Prop_bufg_I_O)         0.072     2.778 r  clk_100MHz_IBUF_BUFG_inst/O
                         net (fo=71, routed)          1.199     3.977    audio_engine/CLK
    SLICE_X3Y143         FDSE                                         r  audio_engine/duration_counter_reg[23]/C

Slack:                    inf
  Source:                 play_crash_reg/C
                            (rising edge-triggered cell FDRE)
  Destination:            audio_engine/tone_counter_reg[4]/R
                            (rising edge-triggered cell FDRE clocked by sys_clk_pin  {rise@0.000ns fall@5.000ns period=10.000ns})
  Path Group:             (none)
  Path Type:              Setup (Max at Slow Process Corner)
  Data Path Delay:        2.181ns  (logic 0.461ns (21.139%)  route 1.720ns (78.861%))
  Logic Levels:           2  (FDRE=1 LUT4=1)
  Clock Uncertainty:      0.025ns  ((TSJ^2 + TIJ^2)^1/2 + DJ) / 2 + PE
    Total System Jitter     (TSJ):    0.050ns
    Total Input Jitter      (TIJ):    0.000ns
    Discrete Jitter          (DJ):    0.000ns
    Phase Error              (PE):    0.000ns

    Location             Delay type                Incr(ns)  Path(ns)    Netlist Resource(s)
  -------------------------------------------------------------------    -------------------
    SLICE_X0Y146         FDRE                         0.000     0.000 r  play_crash_reg/C
    SLICE_X0Y146         FDRE (Prop_fdre_C_Q)         0.347     0.347 f  play_crash_reg/Q
                         net (fo=16, routed)          0.912     1.259    audio_engine/duration_counter_reg[24]_0
    SLICE_X2Y139         LUT4 (Prop_lut4_I2_O)        0.114     1.373 r  audio_engine/tone_counter[0]_i_1/O
                         net (fo=20, routed)          0.807     2.181    audio_engine/tone_counter[0]_i_1_n_0
    SLICE_X1Y136         FDRE                                         r  audio_engine/tone_counter_reg[4]/R
  -------------------------------------------------------------------    -------------------

                         (clock sys_clk_pin rise edge)
                                                      0.000     0.000 r  
    E3                                                0.000     0.000 r  clk_100MHz (IN)
                         net (fo=0)                   0.000     0.000    clk_100MHz
    E3                   IBUF (Prop_ibuf_I_O)         1.263     1.263 r  clk_100MHz_IBUF_inst/O
                         net (fo=1, routed)           1.443     2.706    clk_100MHz_IBUF
    BUFGCTRL_X0Y16       BUFG (Prop_bufg_I_O)         0.072     2.778 r  clk_100MHz_IBUF_BUFG_inst/O
                         net (fo=71, routed)          1.195     3.973    audio_engine/CLK
    SLICE_X1Y136         FDRE                                         r  audio_engine/tone_counter_reg[4]/C

Slack:                    inf
  Source:                 play_crash_reg/C
                            (rising edge-triggered cell FDRE)
  Destination:            audio_engine/tone_counter_reg[5]/R
                            (rising edge-triggered cell FDRE clocked by sys_clk_pin  {rise@0.000ns fall@5.000ns period=10.000ns})
  Path Group:             (none)
  Path Type:              Setup (Max at Slow Process Corner)
  Data Path Delay:        2.181ns  (logic 0.461ns (21.139%)  route 1.720ns (78.861%))
  Logic Levels:           2  (FDRE=1 LUT4=1)
  Clock Uncertainty:      0.025ns  ((TSJ^2 + TIJ^2)^1/2 + DJ) / 2 + PE
    Total System Jitter     (TSJ):    0.050ns
    Total Input Jitter      (TIJ):    0.000ns
    Discrete Jitter          (DJ):    0.000ns
    Phase Error              (PE):    0.000ns

    Location             Delay type                Incr(ns)  Path(ns)    Netlist Resource(s)
  -------------------------------------------------------------------    -------------------
    SLICE_X0Y146         FDRE                         0.000     0.000 r  play_crash_reg/C
    SLICE_X0Y146         FDRE (Prop_fdre_C_Q)         0.347     0.347 f  play_crash_reg/Q
                         net (fo=16, routed)          0.912     1.259    audio_engine/duration_counter_reg[24]_0
    SLICE_X2Y139         LUT4 (Prop_lut4_I2_O)        0.114     1.373 r  audio_engine/tone_counter[0]_i_1/O
                         net (fo=20, routed)          0.807     2.181    audio_engine/tone_counter[0]_i_1_n_0
    SLICE_X1Y136         FDRE                                         r  audio_engine/tone_counter_reg[5]/R
  -------------------------------------------------------------------    -------------------

                         (clock sys_clk_pin rise edge)
                                                      0.000     0.000 r  
    E3                                                0.000     0.000 r  clk_100MHz (IN)
                         net (fo=0)                   0.000     0.000    clk_100MHz
    E3                   IBUF (Prop_ibuf_I_O)         1.263     1.263 r  clk_100MHz_IBUF_inst/O
                         net (fo=1, routed)           1.443     2.706    clk_100MHz_IBUF
    BUFGCTRL_X0Y16       BUFG (Prop_bufg_I_O)         0.072     2.778 r  clk_100MHz_IBUF_BUFG_inst/O
                         net (fo=71, routed)          1.195     3.973    audio_engine/CLK
    SLICE_X1Y136         FDRE                                         r  audio_engine/tone_counter_reg[5]/C

Slack:                    inf
  Source:                 play_crash_reg/C
                            (rising edge-triggered cell FDRE)
  Destination:            audio_engine/tone_counter_reg[6]/R
                            (rising edge-triggered cell FDRE clocked by sys_clk_pin  {rise@0.000ns fall@5.000ns period=10.000ns})
  Path Group:             (none)
  Path Type:              Setup (Max at Slow Process Corner)
  Data Path Delay:        2.181ns  (logic 0.461ns (21.139%)  route 1.720ns (78.861%))
  Logic Levels:           2  (FDRE=1 LUT4=1)
  Clock Uncertainty:      0.025ns  ((TSJ^2 + TIJ^2)^1/2 + DJ) / 2 + PE
    Total System Jitter     (TSJ):    0.050ns
    Total Input Jitter      (TIJ):    0.000ns
    Discrete Jitter          (DJ):    0.000ns
    Phase Error              (PE):    0.000ns

    Location             Delay type                Incr(ns)  Path(ns)    Netlist Resource(s)
  -------------------------------------------------------------------    -------------------
    SLICE_X0Y146         FDRE                         0.000     0.000 r  play_crash_reg/C
    SLICE_X0Y146         FDRE (Prop_fdre_C_Q)         0.347     0.347 f  play_crash_reg/Q
                         net (fo=16, routed)          0.912     1.259    audio_engine/duration_counter_reg[24]_0
    SLICE_X2Y139         LUT4 (Prop_lut4_I2_O)        0.114     1.373 r  audio_engine/tone_counter[0]_i_1/O
                         net (fo=20, routed)          0.807     2.181    audio_engine/tone_counter[0]_i_1_n_0
    SLICE_X1Y136         FDRE                                         r  audio_engine/tone_counter_reg[6]/R
  -------------------------------------------------------------------    -------------------

                         (clock sys_clk_pin rise edge)
                                                      0.000     0.000 r  
    E3                                                0.000     0.000 r  clk_100MHz (IN)
                         net (fo=0)                   0.000     0.000    clk_100MHz
    E3                   IBUF (Prop_ibuf_I_O)         1.263     1.263 r  clk_100MHz_IBUF_inst/O
                         net (fo=1, routed)           1.443     2.706    clk_100MHz_IBUF
    BUFGCTRL_X0Y16       BUFG (Prop_bufg_I_O)         0.072     2.778 r  clk_100MHz_IBUF_BUFG_inst/O
                         net (fo=71, routed)          1.195     3.973    audio_engine/CLK
    SLICE_X1Y136         FDRE                                         r  audio_engine/tone_counter_reg[6]/C

Slack:                    inf
  Source:                 play_crash_reg/C
                            (rising edge-triggered cell FDRE)
  Destination:            audio_engine/tone_counter_reg[7]/R
                            (rising edge-triggered cell FDRE clocked by sys_clk_pin  {rise@0.000ns fall@5.000ns period=10.000ns})
  Path Group:             (none)
  Path Type:              Setup (Max at Slow Process Corner)
  Data Path Delay:        2.181ns  (logic 0.461ns (21.139%)  route 1.720ns (78.861%))
  Logic Levels:           2  (FDRE=1 LUT4=1)
  Clock Uncertainty:      0.025ns  ((TSJ^2 + TIJ^2)^1/2 + DJ) / 2 + PE
    Total System Jitter     (TSJ):    0.050ns
    Total Input Jitter      (TIJ):    0.000ns
    Discrete Jitter          (DJ):    0.000ns
    Phase Error              (PE):    0.000ns

    Location             Delay type                Incr(ns)  Path(ns)    Netlist Resource(s)
  -------------------------------------------------------------------    -------------------
    SLICE_X0Y146         FDRE                         0.000     0.000 r  play_crash_reg/C
    SLICE_X0Y146         FDRE (Prop_fdre_C_Q)         0.347     0.347 f  play_crash_reg/Q
                         net (fo=16, routed)          0.912     1.259    audio_engine/duration_counter_reg[24]_0
    SLICE_X2Y139         LUT4 (Prop_lut4_I2_O)        0.114     1.373 r  audio_engine/tone_counter[0]_i_1/O
                         net (fo=20, routed)          0.807     2.181    audio_engine/tone_counter[0]_i_1_n_0
    SLICE_X1Y136         FDRE                                         r  audio_engine/tone_counter_reg[7]/R
  -------------------------------------------------------------------    -------------------

                         (clock sys_clk_pin rise edge)
                                                      0.000     0.000 r  
    E3                                                0.000     0.000 r  clk_100MHz (IN)
                         net (fo=0)                   0.000     0.000    clk_100MHz
    E3                   IBUF (Prop_ibuf_I_O)         1.263     1.263 r  clk_100MHz_IBUF_inst/O
                         net (fo=1, routed)           1.443     2.706    clk_100MHz_IBUF
    BUFGCTRL_X0Y16       BUFG (Prop_bufg_I_O)         0.072     2.778 r  clk_100MHz_IBUF_BUFG_inst/O
                         net (fo=71, routed)          1.195     3.973    audio_engine/CLK
    SLICE_X1Y136         FDRE                                         r  audio_engine/tone_counter_reg[7]/C





Min Delay Paths
--------------------------------------------------------------------------------------
Slack:                    inf
  Source:                 play_jump_reg/C
                            (rising edge-triggered cell FDRE)
  Destination:            audio_engine/duration_counter_reg[22]/R
                            (rising edge-triggered cell FDRE clocked by sys_clk_pin  {rise@0.000ns fall@5.000ns period=10.000ns})
  Path Group:             (none)
  Path Type:              Hold (Min at Fast Process Corner)
  Data Path Delay:        0.322ns  (logic 0.146ns (45.273%)  route 0.176ns (54.727%))
  Logic Levels:           1  (FDRE=1)
  Clock Uncertainty:      0.025ns  ((TSJ^2 + TIJ^2)^1/2 + DJ) / 2 + PE
    Total System Jitter     (TSJ):    0.050ns
    Total Input Jitter      (TIJ):    0.000ns
    Discrete Jitter          (DJ):    0.000ns
    Phase Error              (PE):    0.000ns

    Location             Delay type                Incr(ns)  Path(ns)    Netlist Resource(s)
  -------------------------------------------------------------------    -------------------
    SLICE_X1Y143         FDRE                         0.000     0.000 r  play_jump_reg/C
    SLICE_X1Y143         FDRE (Prop_fdre_C_Q)         0.146     0.146 r  play_jump_reg/Q
                         net (fo=15, routed)          0.176     0.322    audio_engine/play_jump
    SLICE_X2Y142         FDRE                                         r  audio_engine/duration_counter_reg[22]/R
  -------------------------------------------------------------------    -------------------

                         (clock sys_clk_pin rise edge)
                                                      0.000     0.000 r  
    E3                                                0.000     0.000 r  clk_100MHz (IN)
                         net (fo=0)                   0.000     0.000    clk_100MHz
    E3                   IBUF (Prop_ibuf_I_O)         0.438     0.438 r  clk_100MHz_IBUF_inst/O
                         net (fo=1, routed)           0.699     1.136    clk_100MHz_IBUF
    BUFGCTRL_X0Y16       BUFG (Prop_bufg_I_O)         0.029     1.165 r  clk_100MHz_IBUF_BUFG_inst/O
                         net (fo=71, routed)          0.870     2.035    audio_engine/CLK
    SLICE_X2Y142         FDRE                                         r  audio_engine/duration_counter_reg[22]/C

Slack:                    inf
  Source:                 play_jump_reg/C
                            (rising edge-triggered cell FDRE)
  Destination:            audio_engine/duration_counter_reg[24]/R
                            (rising edge-triggered cell FDRE clocked by sys_clk_pin  {rise@0.000ns fall@5.000ns period=10.000ns})
  Path Group:             (none)
  Path Type:              Hold (Min at Fast Process Corner)
  Data Path Delay:        0.322ns  (logic 0.146ns (45.273%)  route 0.176ns (54.727%))
  Logic Levels:           1  (FDRE=1)
  Clock Uncertainty:      0.025ns  ((TSJ^2 + TIJ^2)^1/2 + DJ) / 2 + PE
    Total System Jitter     (TSJ):    0.050ns
    Total Input Jitter      (TIJ):    0.000ns
    Discrete Jitter          (DJ):    0.000ns
    Phase Error              (PE):    0.000ns

    Location             Delay type                Incr(ns)  Path(ns)    Netlist Resource(s)
  -------------------------------------------------------------------    -------------------
    SLICE_X1Y143         FDRE                         0.000     0.000 r  play_jump_reg/C
    SLICE_X1Y143         FDRE (Prop_fdre_C_Q)         0.146     0.146 r  play_jump_reg/Q
                         net (fo=15, routed)          0.176     0.322    audio_engine/play_jump
    SLICE_X2Y142         FDRE                                         r  audio_engine/duration_counter_reg[24]/R
  -------------------------------------------------------------------    -------------------

                         (clock sys_clk_pin rise edge)
                                                      0.000     0.000 r  
    E3                                                0.000     0.000 r  clk_100MHz (IN)
                         net (fo=0)                   0.000     0.000    clk_100MHz
    E3                   IBUF (Prop_ibuf_I_O)         0.438     0.438 r  clk_100MHz_IBUF_inst/O
                         net (fo=1, routed)           0.699     1.136    clk_100MHz_IBUF
    BUFGCTRL_X0Y16       BUFG (Prop_bufg_I_O)         0.029     1.165 r  clk_100MHz_IBUF_BUFG_inst/O
                         net (fo=71, routed)          0.870     2.035    audio_engine/CLK
    SLICE_X2Y142         FDRE                                         r  audio_engine/duration_counter_reg[24]/C

Slack:                    inf
  Source:                 play_jump_reg/C
                            (rising edge-triggered cell FDRE)
  Destination:            audio_engine/duration_counter_reg[14]/R
                            (rising edge-triggered cell FDRE clocked by sys_clk_pin  {rise@0.000ns fall@5.000ns period=10.000ns})
  Path Group:             (none)
  Path Type:              Hold (Min at Fast Process Corner)
  Data Path Delay:        0.375ns  (logic 0.146ns (38.974%)  route 0.229ns (61.026%))
  Logic Levels:           1  (FDRE=1)
  Clock Uncertainty:      0.025ns  ((TSJ^2 + TIJ^2)^1/2 + DJ) / 2 + PE
    Total System Jitter     (TSJ):    0.050ns
    Total Input Jitter      (TIJ):    0.000ns
    Discrete Jitter          (DJ):    0.000ns
    Phase Error              (PE):    0.000ns

    Location             Delay type                Incr(ns)  Path(ns)    Netlist Resource(s)
  -------------------------------------------------------------------    -------------------
    SLICE_X1Y143         FDRE                         0.000     0.000 r  play_jump_reg/C
    SLICE_X1Y143         FDRE (Prop_fdre_C_Q)         0.146     0.146 r  play_jump_reg/Q
                         net (fo=15, routed)          0.229     0.375    audio_engine/play_jump
    SLICE_X2Y141         FDRE                                         r  audio_engine/duration_counter_reg[14]/R
  -------------------------------------------------------------------    -------------------

                         (clock sys_clk_pin rise edge)
                                                      0.000     0.000 r  
    E3                                                0.000     0.000 r  clk_100MHz (IN)
                         net (fo=0)                   0.000     0.000    clk_100MHz
    E3                   IBUF (Prop_ibuf_I_O)         0.438     0.438 r  clk_100MHz_IBUF_inst/O
                         net (fo=1, routed)           0.699     1.136    clk_100MHz_IBUF
    BUFGCTRL_X0Y16       BUFG (Prop_bufg_I_O)         0.029     1.165 r  clk_100MHz_IBUF_BUFG_inst/O
                         net (fo=71, routed)          0.870     2.035    audio_engine/CLK
    SLICE_X2Y141         FDRE                                         r  audio_engine/duration_counter_reg[14]/C

Slack:                    inf
  Source:                 play_jump_reg/C
                            (rising edge-triggered cell FDRE)
  Destination:            audio_engine/duration_counter_reg[16]/R
                            (rising edge-triggered cell FDRE clocked by sys_clk_pin  {rise@0.000ns fall@5.000ns period=10.000ns})
  Path Group:             (none)
  Path Type:              Hold (Min at Fast Process Corner)
  Data Path Delay:        0.375ns  (logic 0.146ns (38.974%)  route 0.229ns (61.026%))
  Logic Levels:           1  (FDRE=1)
  Clock Uncertainty:      0.025ns  ((TSJ^2 + TIJ^2)^1/2 + DJ) / 2 + PE
    Total System Jitter     (TSJ):    0.050ns
    Total Input Jitter      (TIJ):    0.000ns
    Discrete Jitter          (DJ):    0.000ns
    Phase Error              (PE):    0.000ns

    Location             Delay type                Incr(ns)  Path(ns)    Netlist Resource(s)
  -------------------------------------------------------------------    -------------------
    SLICE_X1Y143         FDRE                         0.000     0.000 r  play_jump_reg/C
    SLICE_X1Y143         FDRE (Prop_fdre_C_Q)         0.146     0.146 r  play_jump_reg/Q
                         net (fo=15, routed)          0.229     0.375    audio_engine/play_jump
    SLICE_X2Y141         FDRE                                         r  audio_engine/duration_counter_reg[16]/R
  -------------------------------------------------------------------    -------------------

                         (clock sys_clk_pin rise edge)
                                                      0.000     0.000 r  
    E3                                                0.000     0.000 r  clk_100MHz (IN)
                         net (fo=0)                   0.000     0.000    clk_100MHz
    E3                   IBUF (Prop_ibuf_I_O)         0.438     0.438 r  clk_100MHz_IBUF_inst/O
                         net (fo=1, routed)           0.699     1.136    clk_100MHz_IBUF
    BUFGCTRL_X0Y16       BUFG (Prop_bufg_I_O)         0.029     1.165 r  clk_100MHz_IBUF_BUFG_inst/O
                         net (fo=71, routed)          0.870     2.035    audio_engine/CLK
    SLICE_X2Y141         FDRE                                         r  audio_engine/duration_counter_reg[16]/C

Slack:                    inf
  Source:                 play_jump_reg/C
                            (rising edge-triggered cell FDRE)
  Destination:            audio_engine/duration_counter_reg[10]/S
                            (rising edge-triggered cell FDSE clocked by sys_clk_pin  {rise@0.000ns fall@5.000ns period=10.000ns})
  Path Group:             (none)
  Path Type:              Hold (Min at Fast Process Corner)
  Data Path Delay:        0.388ns  (logic 0.146ns (37.585%)  route 0.242ns (62.415%))
  Logic Levels:           1  (FDRE=1)
  Clock Uncertainty:      0.025ns  ((TSJ^2 + TIJ^2)^1/2 + DJ) / 2 + PE
    Total System Jitter     (TSJ):    0.050ns
    Total Input Jitter      (TIJ):    0.000ns
    Discrete Jitter          (DJ):    0.000ns
    Phase Error              (PE):    0.000ns

    Location             Delay type                Incr(ns)  Path(ns)    Netlist Resource(s)
  -------------------------------------------------------------------    -------------------
    SLICE_X1Y143         FDRE                         0.000     0.000 r  play_jump_reg/C
    SLICE_X1Y143         FDRE (Prop_fdre_C_Q)         0.146     0.146 r  play_jump_reg/Q
                         net (fo=15, routed)          0.242     0.388    audio_engine/play_jump
    SLICE_X2Y140         FDSE                                         r  audio_engine/duration_counter_reg[10]/S
  -------------------------------------------------------------------    -------------------

                         (clock sys_clk_pin rise edge)
                                                      0.000     0.000 r  
    E3                                                0.000     0.000 r  clk_100MHz (IN)
                         net (fo=0)                   0.000     0.000    clk_100MHz
    E3                   IBUF (Prop_ibuf_I_O)         0.438     0.438 r  clk_100MHz_IBUF_inst/O
                         net (fo=1, routed)           0.699     1.136    clk_100MHz_IBUF
    BUFGCTRL_X0Y16       BUFG (Prop_bufg_I_O)         0.029     1.165 r  clk_100MHz_IBUF_BUFG_inst/O
                         net (fo=71, routed)          0.870     2.035    audio_engine/CLK
    SLICE_X2Y140         FDSE                                         r  audio_engine/duration_counter_reg[10]/C

Slack:                    inf
  Source:                 play_jump_reg/C
                            (rising edge-triggered cell FDRE)
  Destination:            audio_engine/duration_counter_reg[12]/S
                            (rising edge-triggered cell FDSE clocked by sys_clk_pin  {rise@0.000ns fall@5.000ns period=10.000ns})
  Path Group:             (none)
  Path Type:              Hold (Min at Fast Process Corner)
  Data Path Delay:        0.388ns  (logic 0.146ns (37.585%)  route 0.242ns (62.415%))
  Logic Levels:           1  (FDRE=1)
  Clock Uncertainty:      0.025ns  ((TSJ^2 + TIJ^2)^1/2 + DJ) / 2 + PE
    Total System Jitter     (TSJ):    0.050ns
    Total Input Jitter      (TIJ):    0.000ns
    Discrete Jitter          (DJ):    0.000ns
    Phase Error              (PE):    0.000ns

    Location             Delay type                Incr(ns)  Path(ns)    Netlist Resource(s)
  -------------------------------------------------------------------    -------------------
    SLICE_X1Y143         FDRE                         0.000     0.000 r  play_jump_reg/C
    SLICE_X1Y143         FDRE (Prop_fdre_C_Q)         0.146     0.146 r  play_jump_reg/Q
                         net (fo=15, routed)          0.242     0.388    audio_engine/play_jump
    SLICE_X2Y140         FDSE                                         r  audio_engine/duration_counter_reg[12]/S
  -------------------------------------------------------------------    -------------------

                         (clock sys_clk_pin rise edge)
                                                      0.000     0.000 r  
    E3                                                0.000     0.000 r  clk_100MHz (IN)
                         net (fo=0)                   0.000     0.000    clk_100MHz
    E3                   IBUF (Prop_ibuf_I_O)         0.438     0.438 r  clk_100MHz_IBUF_inst/O
                         net (fo=1, routed)           0.699     1.136    clk_100MHz_IBUF
    BUFGCTRL_X0Y16       BUFG (Prop_bufg_I_O)         0.029     1.165 r  clk_100MHz_IBUF_BUFG_inst/O
                         net (fo=71, routed)          0.870     2.035    audio_engine/CLK
    SLICE_X2Y140         FDSE                                         r  audio_engine/duration_counter_reg[12]/C

Slack:                    inf
  Source:                 play_jump_reg/C
                            (rising edge-triggered cell FDRE)
  Destination:            audio_engine/duration_counter_reg[20]/S
                            (rising edge-triggered cell FDSE clocked by sys_clk_pin  {rise@0.000ns fall@5.000ns period=10.000ns})
  Path Group:             (none)
  Path Type:              Hold (Min at Fast Process Corner)
  Data Path Delay:        0.388ns  (logic 0.146ns (37.585%)  route 0.242ns (62.415%))
  Logic Levels:           1  (FDRE=1)
  Clock Uncertainty:      0.025ns  ((TSJ^2 + TIJ^2)^1/2 + DJ) / 2 + PE
    Total System Jitter     (TSJ):    0.050ns
    Total Input Jitter      (TIJ):    0.000ns
    Discrete Jitter          (DJ):    0.000ns
    Phase Error              (PE):    0.000ns

    Location             Delay type                Incr(ns)  Path(ns)    Netlist Resource(s)
  -------------------------------------------------------------------    -------------------
    SLICE_X1Y143         FDRE                         0.000     0.000 r  play_jump_reg/C
    SLICE_X1Y143         FDRE (Prop_fdre_C_Q)         0.146     0.146 r  play_jump_reg/Q
                         net (fo=15, routed)          0.242     0.388    audio_engine/play_jump
    SLICE_X2Y140         FDSE                                         r  audio_engine/duration_counter_reg[20]/S
  -------------------------------------------------------------------    -------------------

                         (clock sys_clk_pin rise edge)
                                                      0.000     0.000 r  
    E3                                                0.000     0.000 r  clk_100MHz (IN)
                         net (fo=0)                   0.000     0.000    clk_100MHz
    E3                   IBUF (Prop_ibuf_I_O)         0.438     0.438 r  clk_100MHz_IBUF_inst/O
                         net (fo=1, routed)           0.699     1.136    clk_100MHz_IBUF
    BUFGCTRL_X0Y16       BUFG (Prop_bufg_I_O)         0.029     1.165 r  clk_100MHz_IBUF_BUFG_inst/O
                         net (fo=71, routed)          0.870     2.035    audio_engine/CLK
    SLICE_X2Y140         FDSE                                         r  audio_engine/duration_counter_reg[20]/C

Slack:                    inf
  Source:                 play_jump_reg/C
                            (rising edge-triggered cell FDRE)
  Destination:            audio_engine/aud_pwm_reg/D
                            (rising edge-triggered cell FDRE clocked by sys_clk_pin  {rise@0.000ns fall@5.000ns period=10.000ns})
  Path Group:             (none)
  Path Type:              Hold (Min at Fast Process Corner)
  Data Path Delay:        0.403ns  (logic 0.191ns (47.347%)  route 0.212ns (52.653%))
  Logic Levels:           2  (FDRE=1 LUT5=1)
  Clock Uncertainty:      0.025ns  ((TSJ^2 + TIJ^2)^1/2 + DJ) / 2 + PE
    Total System Jitter     (TSJ):    0.050ns
    Total Input Jitter      (TIJ):    0.000ns
    Discrete Jitter          (DJ):    0.000ns
    Phase Error              (PE):    0.000ns

    Location             Delay type                Incr(ns)  Path(ns)    Netlist Resource(s)
  -------------------------------------------------------------------    -------------------
    SLICE_X1Y143         FDRE                         0.000     0.000 r  play_jump_reg/C
    SLICE_X1Y143         FDRE (Prop_fdre_C_Q)         0.146     0.146 r  play_jump_reg/Q
                         net (fo=15, routed)          0.212     0.358    audio_engine/play_jump
    SLICE_X1Y141         LUT5 (Prop_lut5_I3_O)        0.045     0.403 r  audio_engine/aud_pwm_i_1/O
                         net (fo=1, routed)           0.000     0.403    audio_engine/aud_pwm_i_1_n_0
    SLICE_X1Y141         FDRE                                         r  audio_engine/aud_pwm_reg/D
  -------------------------------------------------------------------    -------------------

                         (clock sys_clk_pin rise edge)
                                                      0.000     0.000 r  
    E3                                                0.000     0.000 r  clk_100MHz (IN)
                         net (fo=0)                   0.000     0.000    clk_100MHz
    E3                   IBUF (Prop_ibuf_I_O)         0.438     0.438 r  clk_100MHz_IBUF_inst/O
                         net (fo=1, routed)           0.699     1.136    clk_100MHz_IBUF
    BUFGCTRL_X0Y16       BUFG (Prop_bufg_I_O)         0.029     1.165 r  clk_100MHz_IBUF_BUFG_inst/O
                         net (fo=71, routed)          0.870     2.035    audio_engine/CLK
    SLICE_X1Y141         FDRE                                         r  audio_engine/aud_pwm_reg/C

Slack:                    inf
  Source:                 play_jump_reg/C
                            (rising edge-triggered cell FDRE)
  Destination:            audio_engine/duration_counter_reg[8]/R
                            (rising edge-triggered cell FDRE clocked by sys_clk_pin  {rise@0.000ns fall@5.000ns period=10.000ns})
  Path Group:             (none)
  Path Type:              Hold (Min at Fast Process Corner)
  Data Path Delay:        0.467ns  (logic 0.146ns (31.235%)  route 0.321ns (68.765%))
  Logic Levels:           1  (FDRE=1)
  Clock Uncertainty:      0.025ns  ((TSJ^2 + TIJ^2)^1/2 + DJ) / 2 + PE
    Total System Jitter     (TSJ):    0.050ns
    Total Input Jitter      (TIJ):    0.000ns
    Discrete Jitter          (DJ):    0.000ns
    Phase Error              (PE):    0.000ns

    Location             Delay type                Incr(ns)  Path(ns)    Netlist Resource(s)
  -------------------------------------------------------------------    -------------------
    SLICE_X1Y143         FDRE                         0.000     0.000 r  play_jump_reg/C
    SLICE_X1Y143         FDRE (Prop_fdre_C_Q)         0.146     0.146 r  play_jump_reg/Q
                         net (fo=15, routed)          0.321     0.467    audio_engine/play_jump
    SLICE_X2Y139         FDRE                                         r  audio_engine/duration_counter_reg[8]/R
  -------------------------------------------------------------------    -------------------

                         (clock sys_clk_pin rise edge)
                                                      0.000     0.000 r  
    E3                                                0.000     0.000 r  clk_100MHz (IN)
                         net (fo=0)                   0.000     0.000    clk_100MHz
    E3                   IBUF (Prop_ibuf_I_O)         0.438     0.438 r  clk_100MHz_IBUF_inst/O
                         net (fo=1, routed)           0.699     1.136    clk_100MHz_IBUF
    BUFGCTRL_X0Y16       BUFG (Prop_bufg_I_O)         0.029     1.165 r  clk_100MHz_IBUF_BUFG_inst/O
                         net (fo=71, routed)          0.869     2.034    audio_engine/CLK
    SLICE_X2Y139         FDRE                                         r  audio_engine/duration_counter_reg[8]/C

Slack:                    inf
  Source:                 play_crash_reg/C
                            (rising edge-triggered cell FDRE)
  Destination:            audio_engine/duration_counter_reg[22]/D
                            (rising edge-triggered cell FDRE clocked by sys_clk_pin  {rise@0.000ns fall@5.000ns period=10.000ns})
  Path Group:             (none)
  Path Type:              Hold (Min at Fast Process Corner)
  Data Path Delay:        0.482ns  (logic 0.191ns (39.606%)  route 0.291ns (60.394%))
  Logic Levels:           2  (FDRE=1 LUT2=1)
  Clock Uncertainty:      0.025ns  ((TSJ^2 + TIJ^2)^1/2 + DJ) / 2 + PE
    Total System Jitter     (TSJ):    0.050ns
    Total Input Jitter      (TIJ):    0.000ns
    Discrete Jitter          (DJ):    0.000ns
    Phase Error              (PE):    0.000ns

    Location             Delay type                Incr(ns)  Path(ns)    Netlist Resource(s)
  -------------------------------------------------------------------    -------------------
    SLICE_X0Y146         FDRE                         0.000     0.000 r  play_crash_reg/C
    SLICE_X0Y146         FDRE (Prop_fdre_C_Q)         0.146     0.146 r  play_crash_reg/Q
                         net (fo=16, routed)          0.291     0.437    audio_engine/duration_counter_reg[24]_0
    SLICE_X2Y142         LUT2 (Prop_lut2_I1_O)        0.045     0.482 r  audio_engine/duration_counter[22]_i_1/O
                         net (fo=1, routed)           0.000     0.482    audio_engine/duration_counter[22]_i_1_n_0
    SLICE_X2Y142         FDRE                                         r  audio_engine/duration_counter_reg[22]/D
  -------------------------------------------------------------------    -------------------

                         (clock sys_clk_pin rise edge)
                                                      0.000     0.000 r  
    E3                                                0.000     0.000 r  clk_100MHz (IN)
                         net (fo=0)                   0.000     0.000    clk_100MHz
    E3                   IBUF (Prop_ibuf_I_O)         0.438     0.438 r  clk_100MHz_IBUF_inst/O
                         net (fo=1, routed)           0.699     1.136    clk_100MHz_IBUF
    BUFGCTRL_X0Y16       BUFG (Prop_bufg_I_O)         0.029     1.165 r  clk_100MHz_IBUF_BUFG_inst/O
                         net (fo=71, routed)          0.870     2.035    audio_engine/CLK
    SLICE_X2Y142         FDRE                                         r  audio_engine/duration_counter_reg[22]/C





